abaisser;1;3;abaiss;;t;p;;;;
abandonner;1;3;abandonn;;t;p;;;;
abasourdir;2;6;abasourd;;t;p;;;;
abâtardir;2;6;abâtardi;;t;p;;;;
abattre;3;93;abatt;;t;p;;;;
abcéder;1;14;abc;d;i;;;;;
abdiquer;1;11;abdiqu;;t;;;;;
aberrer;1;3;aberr;;i;;;;;
abêtir;2;6;abêt;;t;p;;;;
abhorrer;1;3;abhorr;;t;;;;;
abîmer;2;6;abîm;;t;p;;;;
abjurer;1;3;abjur;;t;;;;;
ablater;1;3;ablat;;t;p;;;;
abloquer;1;11;abloqu;;t;;;;;
abolir;2;6;abol;;t;;;;;
abominer;1;3;abomin;;t;;;;;
abonder;1;3;abond;;i;;;;;
abonner;1;3;abonn;;t;p;;;;
abonnir;2;6;abonn;;t;p;;;;
aborder;1;3;abord;;i;t;p;;;
aboucher;1;3;abouch;;t;;;;;
abouler;1;3;aboul;;i;t;p;;;
abouter;1;3;about;;t;;;;;
aboutir;1;6;about;;i;ti;;;avoir/être;
aboyer;1;27;abo;;i;t;;;;
abraser;1;3;abras;;i;t;;;;
abréger;1;18;abr;g;t;p;;;;
abreuver;1;3;abreuv;;t;p;;;;
abricoter;1;3;abricot;;t;;;;;
abriter;1;3;abrit;;t;p;;;;
abroger;1;13;abrog;;t;;;;;
abrutir;2;6;abrut;;t;p;;;;
absenter;1;3;absent;;xp;;;;;
absorber;1;3;absorb;;t;p;;;;
absoudre;1;91;abso;;t;;;;;
abstenir;3;39;abst;;xp;;;;;
abstraire;3;69;abstra;;t;p;d;;;
abuser;1;3;abus;;t;ti;p;;;
acagnarder;1;3;acagnard;;xp;;;;;
accabler;1;3;accabl;;t;;;;;
accaparer;1;3;accapar;;t;p;;;;
accastiller;1;9;accastill;;t;;;;;
accéder;1;14;accé;d;ti;;;;;
accélérer;1;14;accél;r;t;p;;;;
accenser;1;3;accens;;t;;;;;acenser
accentuer;1;7;accentu;;t;p;;;;
accepter;1;3;accept;;t;ti;p;;;
accessoiriser;1;3;accessoiris;;t;;;;;
accidenter;1;3;accident;;t;;;;;
acclamer;1;3;acclam;;t;;;;;
acclimater;1;3;acclimat;;t;p;;;;
accointer;1;3;accoint;;xp;;;;;
accoler;1;3;accol;;t;p;;;;
accommoder;1;3;accommod;;t;p;;;;
accompagner;1;9;accompagn;;t;p;;;;
accomplir;2;6;accompl;;t;p;;;;
accorder;1;3;accord;;t;p;;;;
accorer;1;3;accord;;t;;;;;
accoster;1;3;accost;;t;p;;;;
accoter;1;3;accot;;t;p;;;;
accoucher;1;3;accouch;;t;ti;;;avoir/être;
accouder;1;3;accoud;;xp;;;;;
accouer;1;7;accou;;t;;;;;
accoupler;1;3;accoupl;;t;p;;;;
accourcir;2;6;accourc;;t;;;;;
accourir;3;32;cour;;i;;;;avoir/être;
accoutrer;1;3;accoutr;;t;p;;;;
accoutumer;1;3;accoutum;;t;p;;;;
accréditer;1;3;accrédit;;t;p;;;;
accrocher;1;3;accroch;;t;p;;;;
accroire;3;;;;t;d;;;;
accroître;3;100;accr;;t;p;;;avoir/être;
accroupir;1;6;accroup;;xp;;;;;
accueillir;1;43;accueill;;t;;;;;
acculer;1;3;accul;;t;;;;;
acculturer;1;3;accultur;;t;;;;;
accumuler;1;3;accumul;;t;p;;;;
accuser;1;3;accus;;t;p;;;;
acenser;1;3;acens;;t;;;;;
acérer;1;14;ac;;t;;;;;
acétifier;1;8;acétifi;;t;;;;;
acétyler;1;3;acétyl;;t;;;;;
achalander;1;3;achaland;;t;;;;;
achaler;1;3;achal;;t;;;;;
acharner;1;3;acharn;;t;p;;;;
acheminer;1;3;achemin;;t;p;;;;
acheter;1;23;ach;;t;p;;;;
achever;1;19;ach;v;t;p;;;;
achopper;1;3;achopp;;ti;;;;;
achromatiser;1;3;achromatis;;t;;;;;
acidifier;1;8;acidifi;;t;p;;;;
aciduler;1;3;acidul;;t;;;;;
aciérer;1;14;aci;r;t;;;;;
aciseler;1;3;acisel;;t;;;;;
acoquiner;1;3;acoquin;;xp;;;;;
acquérir;3;40;acqu;;t;;;;;
acquiescer;1;12;acquies;;i;ti;;;;
acquitter;1;3;acquitt;;t;p;;;;
acter;1;3;act;;t;;;;;
actionner;1;3;actionn;;t;;;;;
activer;1;3;activ;;t;p;;;;
actualiser;1;3;actualis;;t;p;;;;
adapter;1;3;adapt;;t;p;;;;
additionner;1;3;additionn;;t;p;;;;
adhérer;1;14;adh;r;ti;;;;;
adirer;1;3;adir;;t;d;;;;
adire;3;77;;;xp;;;;;
adjectiver;1;3;adjectiv;;t;;;;;
adjectiviser;1;3;adjectivis;;t;;;;;
adjoindre;3;88;adjoin;;t;p;;;;
adjuger;1;13;adjug;;t;p;;;;
adjurer;1;3;adjur;;t;;;;;
admettre;3;94;adm;;t;;;;;
administrer;1;3;administr;;t;p;;;;
admirer;1;3;admir;;t;p;;;;
admonester;1;3;admonest;;t;;;;;
adoniser;1;3;adonis;;ex;;;;;
adonner;1;3;adonn;;i;p;;;;
adopter;1;3;adopt;;t;;;;;
adorer;1;3;ador;;t;p;;;;
adosser;1;3;adoss;;t;p;;;;
adouber;1;3;adoub;;t;;;;;
adoucir;2;6;adouc;;t;p;;;;
adresser;1;3;adress;;t;p;;;;
adsorber;1;3;;;t;;;;;
aduler;1;3;adult;;t;;;;;
adultérer;1;14;adult;r;;;;;;
advenir;3;39;adven;;i;d;;;être;
adverbialiser;1;3;adverbialis;;t;;;;;
aérer;1;14;a;;t;p;;;;
aéroporter;1;3;aéroport;;t;;;;;
affabuler;1;3;affabul;;i;t;;;;
affadir;2;6;affad;;t;p;;;;
affaiblir;2;6;affaibl;;t;p;;;;
affairer;1;3;affair;;xp;;;;;
affaisser;1;3;affaiss;;t;;;;;
affaler;1;3;affal;;t;p;;;;
affamer;1;3;affam;;t;;;;;
afféager;1;3;afféag;;t;;;;;
affecter;1;3;affect;;t;p;;;;
affectionner;1;3;affectionn;;t;;;;;
afférer;1;3;aff;r;i;;;;;
affermer;1;3;afferm;;t;;;;;
affermir;2;6;afferm;;t;p;;;;
afficher;1;3;affich;;t;p;;;;
affiler;1;8;affil;;t;;;;;
affilier;1;8;affili;;t;p;;;;
affiner;1;3;affiner;;t;p;;;;
affirmer;1;3;affirmer;;t;p;;;;
affleurer;1;3;affleur;;t;ti;;;;
affliger;1;13;afflig;;t;p;;;;
afflouer;1;7;afflou;;t;;;;;
affluer;1;7;afflu;;i;;;;;
affoler;1;3;affol;;t;;;;;
affouager;1;13;affouag;;t;;;;;
affouiller;1;9;affouiller;;t;;;;;
affourcher;1;3;affourach;;t;;;;;
affourrager;1;13;affourag;;t;;;;;affourager
affourager;1;13;affourag;;t;;;;;affourrager
affranchir;2;6;affranchi;;t;p;;;;
affréter;1;14;affr;t;t;;;;;
affriander;1;3;affriand;;t;;;;;
affricher;1;3;affrich;;t;;;;;
affrioler;1;3;affriol;;t;;;;;
affriter;1;3;affrit;;t;;;;;
affronter;1;3;affront;;t;p;;;;
affruiter;1;3;affruit;;i;t;;;;
affubler;1;3;affubl;;t;p;;;;
affurer;1;3;affur;;t;;;;;
affûter;1;3;affût;;t;;;;;
africaniser;1;3;africanis;;t;;;;;
agacer;1;12;aga;;t;p;;;;
agencer;1;12;agen;;t;p;;;;
agenouiller;1;9;agenouill;;xp;;;;;
agglomérer;1;14;agglom;;t;p;;;;
agglutiner;1;3;agglutin;;t;p;;;;
aggraver;1;3;aggrav;;t;p;;;;
agioter;1;3;agiot;;i;;;;;
agir;1;6;ag;;i;imp;;;;
agir;1;6;ag;;p;imp;;;;
agiter;1;3;agit;;t;p;;;;
agneler;1;21;agnel;;i;;;;;
agonir;2;3;agon;;t;;;;;
agoniser;1;3;agonis;;i;;;;;
agrafer;1;3;agraf;;t;;;;;
agrandir;2;6;agrand;;t;p;;;;
agréer;1;10;agré;;t;ti;;;;
agréger;1;18;agr;;t;p;;;;
agrémenter;1;3;agrément;;t;;;;;
agresser;1;3;agress;;t;;;;;
agricher;1;3;agrich;;t;;;;;
agriffer;1;3;agriff;;xp;;;;;
agripper;1;3;agripp;;t;p;;;;
aguerrir;1;6;aguerr;;t;p;;;;
aguicher;1;3;aguich;;t;p;;;;
ahaner;1;3;ahan;;i;;;;;
aheurter;1;3;aheurt;;xp;;;;;
ahurir;2;6;ahur;;t;;;;;
aicher;1;3;aich;;t;;;;;escher|écher
aider;1;3;aid;;t;ti;p;;;
aigrir;2;6;aigr;;t;i;p;;;
aiguiller;1;9;aiguill;;t;;;;;
aiguilleter;1;24;aiguillet;;t;;;;;
aiguillonner;1;3;aiguillonn;;t;;;;;
aiguiser;1;3;aiguis;;t;p;;;;
ailler;1;9;aill;;t;;;;;
aimanter;1;3;aimant;;t;p;;;;
aimer;1;3;aim;;t;p;;;;
airer;1;3;air;;i;;;;;
ajointer;1;3;ajoint;;t;;;;;
ajourer;1;3;ajour;;t;;;;;
ajourner;1;3;ajourn;;t;;;;;
ajouter;1;3;ajout;;t;ti;p;;;
ajuster;1;3;ajust;;t;p;;;;
alambiquer;1;11;alambiqu;;t;;;;;
alanguir;2;6;alangu;;t;p;;;;
alarmer;1;3;alarm;;t;p;;;;
alcaliniser;1;3;alcalinis;;t;;;;;
alcaliser;1;3;alcalis;;t;;;;;
alcooliser;1;3;alcoolis;;t;p;;;;
alentir;2;6;alent;;t;;;;;
alerter;1;3;alert;;t;;;;;
aléser;1;14;al;;t;;;;;
aleviner;1;3;alevin;;t;;;;;
aliéner;1;14;ali;;t;p;;;;
aligner;1;9;align;;t;p;;;;
alimenter;1;3;aliment;;t;p;;;;
aliter;1;3;alit;;t;p;;;;
allaiter;1;3;alait;;t;;;;;
allécher;1;14;all;;t;;;;;
alléger;1;18;all;;t;;;;;
allégir;1;6;all;;t;;;;;
allégoriser;1;3;allégoris;;t;;;;;
alléguer;1;16;all;;t;;;;;
aller;1;31;;;i;p;;;être;
allier;1;8;alli;;t;p;;;;
allonger;1;13;along;;i;t;;;;
allouer;1;7;allou;;t;;;;;
allumer;1;3;allum;;t;p;;;;
alluvionner;1;3;alluvionn;;i;;;;;
alourdir;2;6;alourd;;t;p;;;;
alpaguer;1;11;alpagu;;t;;;;;
alphabétiser;1;3;alphabétis;;t;;;;;
alterner;1;3;altern;;i;t;;;;
altérer;1;14;alt;;t;p;;;;
aluminer;1;3;alumin;;t;;;;;
aluner;1;3;alun;;t;;;;;
alunir;2;6;alun;;i;;;;avoir/être;
amadouer;1;7;amadou;;t;;;;;
amaigrir;2;6;amaigr;;t;p;;;;
amalgamer;1;3;amalgam;;t;p;;;;
amariner;1;3;amarin;;t;p;;;;
amarrer;1;3;amarr;;t;p;;;;
amasser;1;3;amass;;t;;;;;
amatir;2;6;amat;;t;;;;;
ambitionner;1;3;ambitionn;;t;;;;;
ambler;1;3;ambl;;i;;;;;
ambrer;1;3;ambr;;t;;;;;
améliorer;1;3;amélior;;t;;;;;
aménager;1;13;aménag;;t;;;;;
amender;1;3;amend;;t;p;;;;
amener;1;19;am;;t;p;;;;
amenuiser;1;3;amenuis;;t;p;;;;
américaniser;1;3;américanis;;t;p;;;;
amerrir;2;6;ammer;;i;;;;avoir/être;
ameublir;2;6;ameubl;;t;;;;;
ameuter;1;3;ameut;;t;;;;;
amidonner;1;3;amidonn;;t;;;;;
amincir;2;6;aminc;;i;t;;;;
aminer;1;3;amin;;i;;;;;
amnistier;1;8;amnist;;t;;;;;
amocher;1;3;amoch;;t;p;;;;
amodier;1;8;amodi;;t;;;;;
amoindrir;2;6;amoindr;;t;p;;;;
amollir;2;6;amoll;;t;p;;;;
amonceler;1;21;amoncel;;t;p;;;;
amorcer;1;12;amor;;t;p;;;;
amortir;2;6;amort;;t;p;;;;
amouracher;1;3;amourach;;xp;;;;;
amplifier;1;8;amplifi;;t;p;;;;
amputer;1;3;amput;;t;;;;;
amuïr;2;6;amu;;xp;;;;;
amurer;1;3;amur;;t;;;;;
amuser;1;3;amus;;t;p;;;;
analgésier;1;8;analgési;;t;;;;;
analyser;1;3;analys;;t;p;;;;
anastomoser;1;3;anastomos;;t;p;;;;
anathématiser;1;3;anathématis;;t;;;;;
ancrer;1;3;ancr;;t;p;;;;
anéantir;2;6;anéant;;t;p;;;;
anémier;1;8;anémi;;t;;;;;
anesthésier;1;8;anesthési;;;;;;;
anglaiser;1;3;anglais;;t;;;;;
angliciser;1;3;anglicis;;t;;;;;
angoisser;1;3;angoiss;;i;t;;;;
anhéler;1;14;anh;;i;;;;;
animaliser;1;3;animalis;;t;;;;;
animer;1;3;anim;;t;;;;;
aniser;1;3;anis;;t;;;;;
ankyloser;1;3;ankylos;;t;p;;;;
anneler;1;21;annel;;t;;;;;
annexer;1;3;annex;;t;p;;;;
annihiler;1;3;annihile;;t;p;;;;
annoncer;1;12;annon;;t;p;;;;
annoter;1;3;annot;;t;;;;;
annualiser;1;3;annualis;;t;;;;;
annuler;1;3;annul;;t;p;;;;
anoblir;2;6;anobl;;t;;;;;
anodiser;1;3;anodis;;t;;;;;
ânonner;1;3;ânonn;;t;;;;;
anonymiser;1;3;anonymis;;t;;;;;
anordir;2;6;anord;;i;;;;;
antéposer;1;3;antédépos;;t;;;;;
anticiper;1;3;anticip;;i;t;ti;;;
antidater;1;3;antidat;;t;;;;;
aoûter;1;3;août;;t;;;;;
apaiser;1;3;apais;;t;p;;;;
apanager;1;13;apanag;;t;;;;;
apercevoir;3;48;;;t;p;;;;
apeurer;1;3;apeur;;t;;;;;
apiquer;1;11;apiqu;;t;;;;;
apitoyer;1;27;apitoy;;t;p;;;;
aplanir;2;6;aplan;;t;p;;;;
aplatir;2;6;aplat;;t;p;;;;
aplomber;1;3;aplomb;;t;p;;;;
apostasier;1;8;apostas;;i;;;;;
aposter;1;3;apost;;t;;;;;
apostiller;1;9;apostill;;t;;;;;
apostropher;1;3;apostroph;;t;;;;;
appairer;1;3;appair;;t;;;;;
apparaître;3;96;;;i;;;;avoir/être;
appareiller;1;9;appareill;;i;t;p;;;
apparenter;1;3;apparent;;t;p;;;;
apparier;1;8;appari;;;;;;
apparoir;3;;;;i;d;;;
appartenir;3;39;appart;;ti;p;;;
appâter;1;3;appât;;t;;;;
appauvrir;2;6;appauvr;;t;p;;;
appeler;1;21;appel;;;;;;
appendre;3;83;;;t;;;;
appertiser;1;3;appertis;;t;;;;
appesantir;2;6;appesant;;t;p;;;
appéter;1;14;app;;t;;;;
applaudir;2;6;applaud;;t;ti;p;;
appliquer;1;11;appliqu;;t;p;;;
appointer;1;3;appoint;;t;;;;
appointir;2;6;appoint;;t;;;;
apponter;1;3;appont;;i;;;;
apporter;1;3;apport;;t;;;;
apposer;1;3;appos;;t;;;;
apprécier;1;8;appréci;;t;p;;;
appréhender;1;3;appréhend;;t;;;;
apprendre;3;84;appren;;t;p;;;
apprêter;1;3;apprêt;;t;p;;;
apprivoiser;1;3;apprivois;;t;p;;;
approcher;1;3;approch;;i;ti;t;p;
approfondir;2;6;approfond;;t;p;;;
approprier;1;8;appropri;;t;p;;;
approuver;1;3;approuv;;t;p;;;
approvisionner;1;3;approvisionn;;t;p;;;
appuyer;1;26;appu;;i;t;p;;
apurer;1;3;apur;;t;;;;
aquiger;1;13;aquig;;i;;;;
arabiser;1;3;arabis;;t;;;;
araser;1;3;aras;;t;;;;
arbitrer;1;3;arbitr;;t;;;;
arborer;1;3;arbor;;t;;;;
arboriser;1;3;arboris;;i;;;;
arc-bouter;1;3;arc-bout;;t;p;;;
archaïser;1;3;archaïs;;i;;;;
architecturer;1;3;architectur;;t;;;;
archiver;1;3;archiv;;t;;;;
arçonner;1;3;arçonn;;t;;;;
ardoiser;1;3;ardois;;t;;;;
aréner;1;3;arén;;i;;;;
argenter;1;3;argent;;t;;;;
argotiser;1;3;argotis;;i;;;;
argougner;1;9;argougn;;t;;;;
arguer;1;11;argu;;t;ti;;;
argumenter;1;3;argument;;i;;;;
ariser;1;3;aris;;t;;;;
armer;1;3;arm;;t;p;;;
armorier;1;8;armori;;t;;;;
arnaquer;1;11;arnaqu;;t;;;;
aromatiser;1;3;aromatis;;t;;;;
arpéger;1;18;arp;;t;;;;
arpenter;1;3;arpent;;t;;;;
arpigner;1;9;arpign;;t;;;;
arquebuser;1;3;arquebus;;t;;;;
arquepincer;1;12;arquepin;;t;;;;
arquer;1;11;arqu;;i;t;p;;
arracher;1;3;arrach;;t;p;;;
arraisonner;1;3;arraisonn;;t;;;;
arranger;1;13;arrang;;t;p;;;
arrenter;1;3;arrent;;t;;;;
arrérager;1;13;arrérag;;i;p;;;
arrêter;1;3;arrêt;;i;t;p;;
arriérer;1;14;arri;;t;;;;
arrimer;1;3;arrim;;t;p;;;
arriser;1;3;arris;;t;;;;
arriver;1;3;arriv;;t;p;;;être
arroger;1;13;arrog;;xp;;;;
arrondir;2;6;arrond;;t;p;;;
arroser;1;3;arros;;t;p;;;
arsouiller;1;9;arsouill;;xp;;;;
articuler;1;3;articul;;i;t;p;;
artiller;1;9;artill;;i;;;;
ascensionner;1;3;ascensionn;;t;;;;
aseptiser;1;3;aseptis;;t;;;;
aspecter;1;3;aspect;;t;;;;
asperger;1;13;asperg;;t;p;;;
asphalter;1;13;asphalt;;t;;;;
asphyxier;1;8;asphyxi;;t;p;;;
aspirer;1;3;aspir;;t;ti;;;
assagir;2;6;assag;;t;p;;;
assaillir;3;44;;;t;;;;
assainir;2;6;assain;;t;;;;
assaisonner;1;3;assaisonn;;t;;;;
assarmenter;1;3;assarment;;t;;;;
assassiner;1;3;assassin;;t;;;;
assavoir;3;;;;t;d;;;
assécher;1;14;ass;;i;t;;;
assembler;1;3;assembl;;t;p;;;
assener;1;19;ass;;t;;;;
asséner;1;14;ass;;t;;;;
asseoir;3;59/60;;;t;p;;;
assermenter;1;3;asserment;;t;;;;
asservir;2;6;asserv;;t;p;;;
assibiler;1;3;assibil;;t;;;;
assiéger;1;18;assi;;t;;;;
assigner;1;9;assign;;t;;;;
assimiler;1;3;assimil;;t;p;;;
assister;1;3;assist;;t;ti;;;
associer;1;8;associ;;t;p;;;
assoiffer;1;3;assoiff;;t;;;;
assoler;1;3;assol;;t;;;;
assombrir;2;6;assombr;;t;p;;;
assommer;1;3;assomm;;t;p;;;
assoner;1;3;assoner;;i;;;;
assortir;2;6;assort;;t;p;;;
assoupir;2;6;assoup;;t;p;;;
assouplir;2;6;assoupl;;t;p;;;
assourdir;2;6;assourd;;t;;;;
assouvir;2;6;assouv;;t;;;;
assujettir;2;6;assujettir;;t;p;;;
assumer;1;3;assumer;;;;;;
assurer;1;3;assur;;t;i;p;;
asticoter;1;3;astiqu;;t;;;;
astiquer;1;11;astiqu;;t;;;;
astreindre;3;86;;;t;p;;;
atermoyer;1;27;atermoy;;i;;;;
atomiser;1;3;atomis;;t;p;;;
atrophier;1;8;atrophi;;t;p;;;
attabler;1;3;attabl;;t;p;;;
attacher;1;3;attach;;t;p;;;
attaquer;1;11;attaqu;;t;p;;;
attarder;1;5;attard;;xp;;;;
atteindre;3;86;;;t;ti;;;
atteler;1;21;attel;;t;p;;;
attendrir;2;6;attendr;;t;p;;;
attenir;1;39;;;i;d;;;
attenter;1;3;attent;;ti;;;;
atténuer;1;7;atténu;;t;p;;;
atterrer;1;3;atterr;;t;;;;
atterrir;2;6;atterr;;i;t;;;avoir/être
attester;1;3;attest;;t;;;;
attiédir;2;6;attiéd;;t;p;;;
attifer;1;3;attif;;t;p;;;
attiger;1;13;attig;;t;;;;
attirer;1;3;attir;;t;p;;;
attiser;1;3;attis;;t;;;;
attitrer;1;3;attitr;;t;;;;
attraper;1;3;attrap;;t;p;;;
attribuer;1;7;attribu;;t;p;;;
attriquer;1;11;attriqu;;t;;;;
attrister;1;3;attrist;;t;p;;;
attrouper;1;3;atrroup;;t;p;;;
auditer;1;3;audit;;t;;;;
augmenter;1;3;augment;;i;t;;;avoir/être
augurer;1;3;augur;;t;;;;
aumôner;1;3;aumôn;;t;;;;
auner;1;3;aun;;t;;;;
auréoler;1;3;auréol;;t;;;;
aurifier;1;8;aurifi;;t;;;;
ausculter;1;3;auscult;;t;;;;
authentifier;1;8;authentifi;;t;;;;
authentiquer;1;11;authentiqu;;t;;;;
autoanalyser;1;3;autoanalys;;xp;;;;
autocensurer;1;3;autocensur;;xp;;;;
autodétruire;3;74;;;xp;;;;
autodéterminer;1;3;autodétermin;;xp;;;;
autoéditer;1;3;autoédit;;xp;;;;
autofinancer;1;12;autofinan;;t;p;;;
autoflageller;1;3;autoflagell;;xp;;;;
autographier;1;8;autographi;;t;;;;
autoguider;1;3;autoguid;;xp;;;;
autolimiter;1;3;autolimit;;xp;;;;
automatiser;1;3;automatis;;t;;;;
automutiler;1;3;automutil;;xp;;;;
autoproclamer;1;3;autoproclam;;xp;;;;
autoproduire;3;74;;;xp;;;;
autopsier;1;8;autopsi;;t;;;;
autoréguler;1;3;autorégul;;xp;;;;;
autoriser;1;3;autoris;;t;p;;;;
autosuggestionner;1;3;autosuggestionn;;xp;;;;;
autotomiser;1;3;autotomis;;xp;;;;;
avachir;2;6;avach;;t;p;;;;
avaler;1;3;aval;;t;;;;;
avaliser;1;3;avalis;;t;;;;;
avancer;1;12;avan;;i;t;p;;;
avantager;1;13;avantag;;t;;;;;
avarier;1;8;avari;;t;p;;;;
aveindre;3;86;;;t;;;;;
avenir;3;39;;;i;ti;d;;;
aventurer;1;3;aventur;;t;p;;;;
avérer;1;14;av;r;t;p;;;;
avertir;2;6;avert;;t;;;;;
aveugler;1;3;aveugl;;t;p;;;;
aveulir;2;6;aveul;;t;p;;;;
avilir;2;6;avil;;t;p;;;;
aviner;1;3;avin;;t;;;;;
aviser;1;3;avis;;t;ti;p;;;
avitailler;1;9;avitaill;;t;p;;;;
aviver;1;3;aviv;;t;;;;;
avocasser;1;3;avocass;;t;;;;;
avoiner;1;3;avoin;;t;;;;;
avoir;3;2;;;t;;;;;
avoisiner;1;3;avoisin;;t;;;;;
avorter;1;3;avort;;i;t;;;avoir/être;
avouer;1;7;avou;;t;p;;;;
avoyer;1;27;avo;;t;;;;;
axer;1;3;ax;;t;;;;;
axiomatiser;1;3;axiomatis;;t;;;;;
azimuter;1;3;azimut;;t;;;;;azimuther
azimuther;1;3;azimuth;;t;;;;;azimuter
azurer;1;3;azur;;t;;;;;
babeler;1;21;babel;;i;;;;;
babiller;1;9;babill;;i;;;;;
bâcher;1;3;bâch;;t;;;;;
bachoter;1;3;bachot;;i;;;;;
bâcler;1;3;bâcl;;t;;;;;
bader;1;3;bad;;i;t;;;;
badigeonner;1;3;badigeonn;;t;p;;;;
badiner;1;3;badin;;i;;;;;
baffer;1;3;baff;;t;;;;;
bafouer;1;7;bafou;;t;;;;;
bafouiller;1;9;bafouill;;t;;;;;
bâfrer;1;3;bâfr;;t;;;;;
bagarrer;1;3;bagarr;;i;p;;;;
bagoter;1;3;bagot;;i;;;;;bagotter
bagotter;1;3;bagott;;i;;;;;bagoter
bagouler;1;3;bagoul;;i;;;;;
baguenauder;1;3;baguenaud;;i;;;;;
baguer;1;11;bagu;;t;;;;;
baigner;1;9;baign;;t;p;;;;
bailler;1;9;baill;;t;;;;;
bâiller;1;9;bâill;;i;;;;;
bâillonner;1;3;bâillonn;;t;;;;;
baiser;1;3;bais;;i;t;;;;
baisser;1;3;baiss;;i;t;p;;avoir/être;
balader;1;3;balad;;t;p;;;;
balafrer;1;3;balafr;;t;;;;;
balancer;1;12;balan;;i;t;p;;;
balanstiquer;1;11;balanstiqu;;t;;;;;
balayer;1;25;bala;;t;;;;;
balbutier;1;8;balbuti;;i;t;;;;
baleiner;1;3;balein;;t;;;;;
baligander;1;3;baligand;;i;;;;;
baliser;1;3;balis;;i;t;;;;
balkaniser;1;3;balkanis;;t;p;;;;
ballaster;1;3;ballast;;t;;;;;
baller;1;3;ball;;i;;;;;
ballonner;1;3;ballonn;;t;;;;;
ballotter;1;3;ballott;;i;t;;;;
balluchonner;1;3;balluchonn;;t;p;;;;baluchonner
baluchonner;1;3;baluchonn;;t;p;;;;balluchonner
balter;1;3;balt;;t;;;;;
bambocher;1;3;bamboch;;i;;;;;
banaliser;1;3;banalis;;t;p;;;;
bananer;1;3;banan;;t;p;;;;
bancher;1;3;banch;;t;;;;;
bander;1;3;band;;i;t;p;;;
banner;1;3;band;;t;;;;;
bannir;2;6;bann;;t;;;;;
banquer;1;11;banqu;;i;;;;;
banqueter;1;24;banquet;;i;;;;;
baptiser;1;3;baptis;;t;;;;;
baquer;1;11;baqu;;t;p;;;;
baqueter;1;24;baquet;;t;;;;;
baragouiner;1;3;baragouin;;i;t;;;;
baraquer;1;11;baraqu;;i;t;;;;
baratiner;1;3;baratin;;t;;;;;
baratter;1;3;baratt;;t;;;;;
barber;1;3;;;t;p;;;;
barbifier;1;8;;;t;p;;;;
barboter;1;3;;;i;t;;;;
barbouiller;1;9;;;t;;;;;
barder;1;3;;;t;;;;;
baréter;1;14;;;i;;;;;
barguigner;1;9;barguign;;i;;;;;
barioler;1;3;;;t;;;;;
barjaquer;1;11;;;i;;;;;
barloquer;1;11;;;i;;;;;
baronner;1;3;;;t;;;;;
barouder;1;3;;;i;;;;;
barrer;1;3;;;t;p;;;;
barricader;1;3;;;t;p;;;;
barrir;2;6;;;i;;;;;
basaner;1;3;;;t;;;;;
basculer;1;3;;;i;t;;;;
baser;1;3;;;t;p;;;;
bassiner;1;3;;;t;;;;;
baster;1;3;;;i;;;;;
bastillonner;1;3;;;t;;;;;
bastonner;1;3;;;t;p;;;;
batailler;1;9;;;i;p;;;;
bateler;1;21;batel;;i;t;;;;
bâter;1;3;bât;;t;;;;;
batifoler;1;3;batifol;;i;;;;;
bâtir;2;6;bât;;t;p;;;;
bâtonner;1;3;bâtonn;;t;;;;;
battre;3;93;;;i;t;ti;p;;
bauger;1;13;;;i;p;;;;
bavarder;1;3;;;i;;;;;
bavasser;1;3;;;i;;;;;
baver;1;3;;;i;;;;;
bavocher;1;3;;;i;;;;;
bayer;1;25;;;i;;;;;
bazarder;1;3;;;t;;;;;
béatifier;1;8;;;t;;;;;
bêcher;1;3;;;t;;;;;
bêcheveter;1;24;;;t;;;;;
bécoter;1;3;;;t;p;;;;
becquer;1;11;;;t;;;;;
becqueter;1;24;;;t;;;;;
becter;1;3;;;t;d;;;;
bedonner;1;3;;;i;;;;;
béer;1;10;;;i;d;;;;
bégaler;1;3;;;t;;;;;
bégayer;1;25;;;i;t;;;;
bégueter;1;23;;;i;;;;;
bêler;1;3;;;i;;;;;
belloter;1;3;;;i;;;;;beloter
beloter;1;3;;;i;;;;;belloter
bémoliser;1;3;;;t;;;;;
bénéficier;1;8;;;ti;;;;;
bénir;2;6;;;t;;;;;
benner;1;3;;;t;;;;;
béquer;1;16;;;t;;;;;
béqueter;1;24;;;t;;;;;
béquiller;1;9;;;i;t;;;;
bercer;1;12;;;t;p;;;;
berdeller;1;3;;;i;t;;;;
berlurer;1;3;;;i;p;;;;
berner;1;3;;;t;;;;;
besogner;1;9;;;i;t;;;;
bêtifier;1;8;;;i;t;;;;
bêtiser;1;3;;;i;;;;;
bétonner;1;3;;;i;t;;;;
beugler;1;3;;;i;t;;;;
beurrer;1;3;;;t;p;;;;
biaiser;1;3;;;i;t;;;;
bibarder;1;3;;;i;;;;;
bibeloter;1;3;;;i;;;;;
biberonner;1;3;;;i;;;;;
bicher;1;3;;;i;;;;;
bichonner;1;3;;;t;p;;;;
bichoter;1;3;;;i;;;;;
bider;1;3;;;xp;;;;;
bidonner;1;3;;;t;p;;;;
bidouiller;1;9;;;t;;;;;
bienvenir;1;9;;;i;d;;;;
biffer;1;3;;;t;;;;;
biffetonner;1;3;;;i;;;;;
bifurquer;1;11;;;i;;;;;
bigarrer;1;3;;;t;;;;;
bigler;1;3;;;i;t;;;;
biglouser;1;3;;;i;;;;;
bigophoner;1;3;;;ti;;;;;
bigorner;1;3;;;t;p;;;;
biler;1;3;;;xp;;;;;
billebauder;1;3;;;i;;;;;
biller;1;9;;;i;t;;;;
billonner;1;3;;;t;;;;;
biloquer;1;11;;;t;;;;;
biloter;1;3;;;xp;;;;;
biner;1;3;;;i;t;;;;
biologiser;1;3;;;t;;;;;
biper;1;3;;;t;;;;;
biquer;1;11;;;i;;;;;
biscuiter;1;3;;;t;;;;;
biseauter;1;3;;;t;;;;;
bisegmenter;1;3;;;t;;;;;
biser;1;3;;;i;t;;;;
bisquer;1;11;;;i;;;;;
bisser;1;3;;;t;;;;;
bistourner;1;3;;;t;;;;;
bistrer;1;3;;;t;;;;;
biter;1;3;;;t;;;;;
bitonner;1;3;;;i;;;;;
bitter;1;3;;;t;;;;;
bitumer;1;3;;;t;;;;;
bituminer;1;3;;;t;;;;;
biturer;1;3;;;t;;;;;bitturer
bitturer;1;3;;;t;;;;;biturer
bivouaquer;1;11;;;i;;;;;
bizuter;1;3;;;t;;;;;
blablater;1;3;;;i;;;;;
blackbouler;1;3;;;t;;;;;
blaguer;1;11;;;i;t;ti;;;
blairer;1;3;;;t;;;;;
blâmer;1;3;;;t;p;;;;
blanchir;2;6;;;i;t;p;;;
blaser;1;3;;;t;p;;;;
blasonner;1;3;;;t;;;;;
blasphémer;1;14;blasph;m;i;t;;;;
blatérer;1;14;blat;t;i;;;;;
bleffer;1;3;;;i;;;;;
blêmir;2;6;;;i;;;;;
bléser;1;14;bl;s;i;;;;;
blesser;1;3;;;t;p;;;;
blettir;2;6;;;i;;;;;
bleuir;2;6;;;i;t;;;;
bleuter;1;3;;;t;;;;;
blinder;1;3;;;t;p;;;;
blinquer;1;11;;;i;;;;;
blobloter;1;3;;;i;;;;;
bloguer;1;11;;;i;;;;;
blondir;2;6;;;i;t;;;;
blondoyer;1;27;;;i;;;;;
bloquer;1;11;;;t;p;;;;
blottir;2;6;;;xp;;;;;
blouser;1;3;;;i;t;;;;
bluffer;1;3;;;i;t;;;;
bluter;1;3;;;t;;;;;
blutiner;1;3;;;i;;;;;
bobiner;1;3;;;t;;;;;
bocarder;1;3;;;t;;;;;
boetter;1;3;;;t;;;;;
boire;3;73;;;t;p;;;;
boiser;1;3;;;t;;;;;
boiter;1;3;;;i;;;;;
boitiller;1;9;;;i;;;;;
bolcheviser;1;3;;;t;;;;;
bombarder;1;3;;;t;;;;;
bomber;1;3;;;i;t;;;;
bonder;1;3;;;t;;;;;
bondériser;1;3;;;t;;;;;
bondir;2;6;;;i;;;;;
bondonner;1;3;;;t;;;;;
bonifier;1;8;;;t;p;;;;
bonimenter;1;3;;;i;;;;;
bonir;2;6;;;t;;;;;
bonnir;2;6;;;t;;;;;
booster;1;3;;;t;;;;;
boquillonner;1;3;;;i;;;;;
bordéliser;1;3;;;t;;;;;
border;1;3;;;t;;;;;
bordurer;1;3;;;t;;;;;
borgnoter;1;3;;;t;;;;;
borner;1;3;;;t;p;;;;
bornoyer;1;27;;;t;;;;;
bosseler;1;21;;;t;;;;;
bosser;1;3;;;i;t;;;;
bossuer;1;7;;;t;;;;;
bostonner;1;3;;;i;;;;;
botaniser;1;3;;;i;;;;;
botteler;1;21;;;t;;;;;
botter;1;3;;;i;t;p;;;
bottiner;1;3;;;i;t;;;;
boubouler;1;3;;;i;;;;;
boucaner;1;3;;;t;;;;;
boucharder;1;3;;;t;;;;;
boucher;1;3;;;t;p;;;;
bouchonner;1;3;;;i;t;p;;;
boucler;1;3;;;i;t;p;;;
bouder;1;3;;;i;t;p;;;
boudiner;1;3;;;t;;;;;
bouffer;1;3;;;i;t;p;;;
bouffir;2;6;;;i;t;;;;
bouffonner;1;3;;;i;;;;;
bouger;1;13;;;i;t;p;;;
bougonner;1;3;;;i;t;ti;;;
bouillir;3;41;;;i;t;;;;
bouillonner;1;3;;;i;t;;;;
bouillotter;1;3;;;i;;;;;
boulanger;1;13;;;i;t;;;;
bouler;1;3;;;i;t;;;;
bouleverser;1;3;;;t;;;;;
bouliner;1;3;;;t;;;;;
boulocher;1;3;;;i;;;;;
boulonner;1;3;;;i;t;;;;
boulotter;1;3;;;i;t;;;;
boumer;1;3;;;i;imp;;;;
bouquiner;1;3;;;i;t;;;;
bourder;1;3;;;i;;;;;
bourdonner;1;3;;;i;;;;;
bourgeonner;1;3;;;i;;;;;
bourlinguer;1;11;;;i;;;;;
bourreler;1;21;;;t;;;;;
bourrer;1;3;;;i;t;p;;;
boursicoter;1;3;;;i;;;;;
boursoufler;1;3;;;t;p;;;;boursouffler
boursouffler;1;3;;;t;p;;;;boursoufler
bousculer;1;3;;;t;p;;;;
bousiller;1;9;;;i;t;;;;
boustifailler;1;9;;;i;;;;;
bouter;1;3;;;t;;;;;
boutonner;1;3;;;i;t;p;;;
bouturer;1;3;;;t;;;;;
boxer;1;3;;;i;t;;;;
boxonner;1;3;;;i;;;;;
boyauter;1;3;;;xp;;;;;
boycotter;1;3;;;t;;;;;
braconner;1;3;;;t;;;;;
brader;1;3;;;t;;;;;
brailler;1;9;;;i;t;;;;
braire;3;69;;;i;t;d;;;
braiser;1;3;;;t;;;;;
bramer;1;3;;;i;;;;;
brancarder;1;3;;;t;;;;;
brancher;1;3;;;t;p;;;;
brandiller;1;9;;;i;t;;;;
brandir;2;6;;;t;;;;;
branler;1;3;;;i;t;;;;
branlocher;1;3;;;t;;;;;
braquer;1;11;;;t;p;;;;
braser;1;3;;;t;;;;;
brasiller;1;9;;;i;;;;;
brasser;1;3;;;t;;;;;
brasseyer;1;25;;;t;;;;;
braver;1;3;;;t;;;;;
brayer;1;25;;;t;;;;;
bredouiller;1;9;;;i;t;;;;
brêler;1;3;;;t;;;;;
breller;1;3;;;t;;;;;
brésiller;1;9;;;i;t;;;;
bretteler;1;21;;;t;;;;;
bretter;1;3;;;t;;;;;
breveter;1;24;;;t;;;;;
bricoler;1;3;;;i;t;;;;
brider;1;3;;;t;;;;;
bridger;1;13;;;i;;;;;
briefer;1;3;;;t;;;;;
briffer;1;3;;;t;;;;;
brigander;1;3;;;i;t;;;;
briguer;1;11;;;t;;;;;
brillanter;1;3;;;t;;;;;
brillantiner;1;3;;;t;;;;;
briller;1;9;;;i;;;;;
brimbaler;1;3;;;i;t;;;;
brimer;1;3;;;t;;;;;
bringuebaler;1;3;;;i;t;;;;brinqueballer
brinqueballer;1;3;;;i;t;;;;bringuebaler
briocher;1;3;;;t;;;;;
briquer;1;11;;;t;;;;;
briqueter;1;24;;;t;;;;;
briser;1;3;;;i;t;p;;;
broadcaster;1;3;;;t;;;;;
brocanter;1;3;;;i;t;;;;
brocarder;1;3;;;t;;;;;
brocher;1;3;;;t;;;;;
broder;1;3;;;i;t;;;;
broncher;1;3;;;i;;;;;
bronzer;1;3;;;i;t;p;;;
broquanter;1;3;;;i;t;;;;
broquer;1;11;;;i;;;;;
brosser;1;3;;;i;t;p;;;
brouetter;1;3;;;t;;;;;
brouillasser;1;3;;;i;imp;;;;
brouiller;1;9;;;t;p;;;;
brouillonner;1;3;;;t;;;;;
brouter;1;3;;;i;t;;;;
broyer;1;27;;;t;;;;;
bruiner;1;3;;;i;imp;;;;
bruire;3;;;;i;d;;;;
bruisser;1;3;;;i;;;;;
bruiter;1;3;;;t;;;;;
brûler;1;3;;;i;t;p;;;
brumasser;1;3;;;i;imp;;;;
brumer;1;3;;;i;imp;;;;
brunir;2;6;;;i;t;;;;
brusquer;1;11;;;t;;;;;
brutaliser;1;3;;;t;;;;;
bûcher;1;3;;;i;t;;;;
budgéter;1;14;budg;t;t;;;;;
budgétiser;1;3;;;t;;;;;
buguer;1;11;;;i;;;;;
buller;1;3;;;i;;;;;
bureaucratiser;1;3;;;t;p;;;;
buriner;1;3;;;t;;;;;
buter;1;3;but;;i;t;p;;
butiner;1;3;butin;;i;t;;;
butter;1;3;butt;;t;;;;
buvoter;1;3;buvot;;i;;;;
cabaler;1;3;cabal;;i;;;;
cabaner;1;3;caban;;t;;;;
câbler;1;3;câbl;;t;;;;
cabosser;1;3;caboss;;t;;;;
caboter;1;3;cabot;;i;;;;
cabotiner;1;3;cabot;;i;;;;
cabrer;1;3;cabr;;t;p;;;
cabrioler;1;3;cabriol;;i;;;;
cacaber;1;3;cacab;;i;;;;
cacarder;1;3;cacard;;i;;;;
cacher;1;3;cach;;t;p;;;
cacheter;1;24;cachet;;t;;;;
cachetonner;1;3;cachetonn;;i;p;;;
cadancher;1;3;cadanch;;i;;;;
cadastrer;1;3;cadastr;;t;;;;
cadenasser;1;3;cadenass;;t;;;;
cadencer;1;12;caden;;t;;;;
cadrer;1;3;cadr;;i;t;;;
cafarder;1;3;cafard;;i;t;;;
cafeter;1;3;catet;;t;;;;
cafouiller;1;9;cafouill;;i;;;;
cafter;1;3;caft;;t;;;;
cagnarder;1;3;cagnard;;i;;;;
cagner;1;9;cagn;;i;;;;
caguer;1;11;cagu;;i;;;;
cahoter;1;3;cahot;;i;t;;;
caillebotter;1;3;caillebott;;t;;;;
cailler;1;9;caill;;i;t;p;;
cailleter;1;24;caillet;;i;;;;
caillouter;1;3;caillout;;t;;;;
cajoler;1;3;cajol;;t;;;;
calaminer;1;3;calamin;;xp;;;;
calamistrer;1;3;calamistr;;t;;;;
calancher;1;3;calanch;;i;;;;
calandrer;1;3;calandr;;t;;;;
calciner;1;3;calcin;;t;;;;
calculer;1;3;calcul;;t;;;;
caler;1;3;cal;;i;t;p;;
caleter;1;24;calet;;i;p;;;
calfater;1;3;calfat;;t;;;;
calfeutrer;1;3;calfeutr;;t;p;;;
calibrer;1;3;calibr;;t;;;;
câliner;1;3;câlin;;t;;;;
calligraphier;1;8;calligraphi;;t;;;;
calmer;1;3;calm;;t;p;;;
calmir;2;6;calm;;i;;;;
calomnier;1;8;calomni;;t;;;;
calorifuger;1;13;calorifug;;t;;;;
calotter;1;3;callot;;t;;;;
calquer;1;11;calqu;;t;;;;
calter;1;3;calt;;i;p;;;
cambrer;1;3;cambr;;t;p;;;
cambrioler;1;3;cambriol;;t;;;;
cambuter;1;3;cambut;;i;t;;;
cameloter;1;3;camelot;;i;;;;
camer;1;3;cam;;xp;;;;
camionner;1;3;camionn;;t;;;;
camoufler;1;3;camoufl;;t;;;;
camper;1;3;camp;;i;t;;;
canaliser;1;3;canalis;;t;p;;;
canarder;1;3;canard;;i;t;;;
cancaner;1;3;cancan;;i;;;;
cancériser;1;3;cancéris;;t;;;;
candidater;1;3;candidat;;i;t;;;
candir;2;6;cand;;i;t;p;;
caner;1;3;can;;i;;;;
canneler;1;21;cannel;;t;;;;
canner;1;3;cann;;i;t;;;
cannibaliser;1;3;cannibalis;;t;;;;
canoniser;1;3;canonis;;t;;;;
canonner;1;3;canonn;;t;;;;
canoter;1;3;canot;;i;;;;
cantiner;1;3;cantin;;i;;;;
cantonner;1;3;cantonn;;i;t;p;;
canuler;1;3;canul;;t;;;;
caoutchouter;1;3;caoutchout;;t;;;;
capahuter;1;3;capahut;;t;;;;
caparaçonner;1;3;caparaçonn;;t;p;;;
capéer;1;10;capé;;i;;;;
capeler;1;21;capel;;t;;;;
capeyer;1;25;cap;;i;;;;
capitonner;1;3;capitonn;;t;p;;;
capituler;1;3;capitul;;i;;;;
caponner;1;3;caponn;;i;;;;
caporaliser;1;3;caporalis;;t;;;;
capoter;1;3;capot;;i;t;;;
capsuler;1;3;capsul;;t;;;;
capter;1;3;capt;;t;;;;
captiver;1;3;captiv;;t;;;;
capturer;1;3;captur;;t;;;;
capuchonner;1;3;capuchonn;;t;;;;
caquer;1;11;caqu;;t;;;;
caqueter;1;24;caquet;;i;;;;
caracoler;1;3;caracol;;i;;;;
caractériser;1;3;caractéris;;t;p;;;
carafer;1;3;;;t;;;;
caramboler;1;3;;;i;t;p;;
caraméliser;1;3;;;i;t;p;;
carapater;1;3;;;xp;;;;
carbonater;1;3;;;t;;;;
carboniser;1;3;;;t;;;;
carburer;1;3;;;i;t;;;
carcailler;1;9;;;i;;;;
carder;1;3;;;t;;;;
carencer;1;12;caren;;t;;;;
caréner;1;14;car;n;i;t;;;
carer;1;3;;;t;;;;
caresser;1;3;;;t;p;;;
carguer;1;11;;;t;;;;
caricaturer;1;3;;;t;;;;
carier;1;8;;;t;p;;;
carillonner;1;3;;;i;t;;;
carmer;1;3;;;t;;;;
carminer;1;3;;;t;;;;
carnifier;1;8;;;xp;;;;
carotter;1;3;;;i;t;;;
carreler;1;21;;;t;;;;
carrer;1;3;;;t;p;;;
carrosser;1;3;;;t;;;;
caroubler;1;3;;;t;;;;
carroyer;1;27;;;t;;;;
carter;1;3;;;t;;;;
cartographier;1;8;;;t;;;;
cartonner;1;3;;;i;t;;;
cascader;1;3;;;i;;;;
caséifier;1;8;;;t;;;;
casemater;1;3;;;t;;;;
caser;1;3;;;t;p;;;
caserner;1;3;;;t;;;;
casquer;1;11;;;i;t;;;
casse-croûter;1;3;;;i;;;;
casser;1;3;;;i;t;p;;
castagner;1;9;;;i;t;p;;
castrer;1;3;;;t;;;;
cataloguer;1;11;;;t;;;;
catalyser;1;3;;;t;;;;
catapulter;1;3;;;t;;;;
catastropher;1;3;;;t;;;;
catcher;1;3;;;i;;;;
catéchiser;1;3;;;t;;;;
catiner;1;3;;;i;t;;;
catir;2;6;;;t;;;;
cauchemarder;1;3;;;i;;;;
causer;1;3;;;i;t;;;
cautériser;1;3;;;t;;;;
cautionner;1;3;;;t;;;;
cavalcader;1;3;;;i;;;;
cavaler;1;3;;;i;t;p;;
caver;1;3;;;t;p;;;
caviarder;1;3;;;t;;;;
céder;1;14;c;d;t;ti;;;
ceindre;3;86;;;t;p;;;
ceinturer;1;3;;;t;;;;
célébrer;1;14;cél;br;t;p;;;
celer;1;20;;;t;;;;
cémenter;1;3;;;t;;;;
cendrer;1;3;;;t;;;;
censurer;1;3;;;t;;;;
centraliser;1;3;;;t;;;;
centrer;1;3;;;t;;;;
centrifuger;1;13;;;t;;;;
centupler;1;3;;;i;t;;;
cercler;1;3;;;t;;;;
cerner;1;3;;;t;;;;
certifier;1;8;;;t;;;;
césariser;1;3;;;t;;;;
cesser;1;3;;;i;t;ti;;
chabler;1;3;;;t;;;;
chagriner;1;3;;;t;;;;
chahuter;1;3;;;i;t;;;
chaîner;1;3;;;t;;;;
challenger;1;13;;;t;;;;
chaloir;3;;;;d;;;;
chalouper;1;3;;;i;;;;
chamailler;1;3;;;xp;;;;
chamarrer;1;3;;;t;;;;
chambarder;1;3;;;t;;;;
chambouler;1;3;;;t;;;;
chambrer;1;3;;;t;;;;
chamoiser;1;3;;;t;;;;
champagniser;1;3;;;t;;;;
champlever;1;19;;;t;;;;
chanceler;1;21;;;i;;;;
chancetiquer;1;11;;;i;;;;
chancir;2;6;;;i;;;;
chanfreiner;1;3;;;t;;;;
changer;1;13;;;i;t;ti;p;avoir/être
chansonner;1;3;;;t;;;;
chanstiquer;1;11;;;i;t;;;
chanter;1;3;;;i;t;p;;
chantonner;1;3;;;t;;;;;
chantourner;1;3;;;t;;;;;
chaparder;1;3;;;t;;;;;
chapeauter;1;3;;;t;;;;;
chapeler;1;21;;;t;;;;;
chaperonner;1;3;;;t;;;;;
chapitrer;1;3;;;t;;;;;
chaponner;1;3;;;t;;;;;
chaptaliser;1;3;;;t;;;;;
charbonner;1;3;;;i;t;;;;
charcuter;1;3;;;t;p;;;;
charger;1;13;;;i;t;p;;;
chariboter;1;3;;;i;;;;;
charmer;1;3;;;t;;;;;
charpenter;1;3;;;t;;;;;
charrier;1;8;;;i;t;;;;
charroyer;1;27;;;t;;;;;
chartériser;1;3;;;t;;;;;
chasser;1;3;;;i;t;;;;
châtaigner;1;9;;;i;;;;;
châtier;1;8;;;t;;;;;
chatonner;1;3;;;i;;;;;
chatouiller;1;9;;;t;;;;;
chatoyer;1;27;;;i;;;;;
châtrer;1;3;;;t;;;;;
chauffer;1;3;;;i;t;p;;;
chauler;1;3;;;t;;;;;
chaumer;1;3;;;i;t;;;;
chausser;1;3;;;t;p;;;;
chauvir;2;6;;;i;;;;;
chavirer;1;3;;;i;t;;;avoir/être;
chawer;1;3;;;i;;;;;
chelinguer;1;11;;;i;;;;;
cheminer;1;3;;;i;;;;;
chemiser;1;3;;;t;;;;;
chercher;1;3;;;t;p;;;;
chérer;1;14;ch;r;i;;;;;
chérir;2;6;;;t;;;;;
cherrer;1;3;;;i;;;;;
chevaler;1;3;;;t;;;;;
chevaucher;1;3;;;i;t;p;;;
cheviller;1;9;;;t;;;;;
chevreter;1;24;;;i;;;;;
chevronner;1;3;;;t;;;;;
chevroter;1;3;;;i;;;;;
chiader;1;3;;;t;;;;;
chialer;1;3;;;i;;;;;
chicaner;1;3;;;i;t;ti;p;;
chicorer;1;3;;;xp;;;;;
chicorner;1;3;;;xp;;;;;
chicoter;1;3;;;i;;;;;
chienner;1;3;;;i;;;;;
chier;1;8;;;i;t;;;;
chiffonner;1;3;;;t;p;;;;
chiffrer;1;3;;;i;t;p;;;
chigner;1;9;;;i;;;;;
chimer;1;3;;;t;;;;;
chiner;1;3;;;t;;;;;
chinoiser;1;3;;;i;;;;;
chiper;1;3;;;t;;;;;
chipoter;1;3;;;i;t;;;;
chiquer;1;11;;;t;;;;;
chirographier;1;8;;;t;;;;;
chlinguer;1;11;;;i;;;;;schlinguer
chlorer;1;3;;;t;;;;;
chloroformer;1;3;;;t;;;;;
chlorurer;1;3;;;t;;;;;
chocotter;1;3;;;i;;;;;
chofer;1;3;;;t;;;;;
choir;3;65;;;i;d;;;avoir/être;
choisir;2;6;;;t;p;;;;
chômer;1;3;;;i;t;;;;
choper;1;3;;;t;;;;;
chopiner;1;3;;;i;;;;;
chopper;1;3;;;i;;;;;
choquer;1;11;;;t;;;;;
chorégraphier;1;8;;;i;t;;;;
chosifier;1;8;;;t;;;;;
chouchouter;1;3;;;t;;;;;
choufer;1;3;;;t;;;;;
chouraver;1;3;;;t;;;;;
chourer;1;3;;;t;;;;;
chouriner;1;3;;;t;;;;;
choyer;1;27;;;t;;;;;
christianiser;1;3;;;t;p;;;;
chromer;1;3;;;t;;;;;
chroniquer;1;11;;;i;;;;;
chronométrer;1;14;chronom;tr;t;;;;;
chroumer;1;3;;;i;t;;;;
chuchoter;1;3;;;i;t;;;;
chuinter;1;3;;;i;;;;;
chuter;1;3;;;i;;;;;
cibler;1;3;;;t;;;;;
cicatriser;1;3;;;i;t;p;;;
cigler;1;3;;;t;;;;;
ciller;1;9;;;i;t;;;;
cimenter;1;3;;;t;p;;;;
cinématographier;1;8;;;t;;;;;
cingler;1;3;;;i;t;;;;
cintrer;1;3;;;t;;;;;
circoncire;3;82;;;t;;;;;
circonscrire;3;80;;;t;;;;;
circonstancier;1;8;;;t;;;;;
circonvenir;3;39;;;t;;;;;
circuler;1;3;;;i;;;;;
cirer;1;3;;;i;;;;;
cisailler;1;9;;;t;;;;;
ciseler;1;20;;;t;;;;;
citer;1;3;;;t;;;;;
citronner;1;3;;;t;;;;;
civiliser;1;3;;;t;p;;;;
clabauder;1;3;;;i;;;;;
claboter;1;3;;;i;;;;;
clacher;1;3;;;t;;;;;
claironner;1;3;;;i;t;;;;
clamecer;1;12;;;i;;;;;clamser
clamer;1;3;;;t;;;;;
clamper;1;3;;;t;;;;;
clamser;1;3;;;i;;;;;clamecer
claper;1;3;;;t;;;;;
clapir;2;6;;;i;;;;;
clapoter;1;3;;;i;;;;;
clapper;1;3;;;i;;;;;
clapser;1;3;;;i;;;;;
claquemurer;1;3;;;t;p;;;;
claquer;1;11;;;i;t;p;;;
claqueter;1;24;;;i;;;;;
clarifier;1;8;;;t;p;;;;
classer;1;3;;;t;p;;;;
classifier;1;11;;;i;;;;;
claudiquer;1;11;;;i;;;;;
claustrer;1;3;;;t;p;;;;
claver;1;3;;;t;;;;;
claveter;1;24;;;t;;;;;clavetter
clavetter;1;24;;;t;;;;;claveter
clayonner;1;3;;;t;;;;;
cléber;1;14;cl;b;i;;;;;
clicher;1;3;;;t;;;;;
cligner;1;9;;;i;t;ti;;;
clignoter;1;3;;;i;;;;;
climatiser;1;3;;;t;;;;;
cliquer;1;11;;;i;;;;;
cliqueter;1;24;;;i;;;;;
cliquoter;1;3;;;i;;;;;
clisser;1;3;;;t;;;;;
cliver;1;3;;;t;p;;;;
clochardiser;1;3;;;t;p;;;;
clocher;1;3;;;i;t;;;;
cloisonner;1;3;;;t;;;;;
cloître;1;3;;;t;p;;;;
cloner;1;3;;;t;;;;;
cloper;1;3;;;i;;;;;
clopiner;1;3;;;i;;;;;
cloquer;1;11;;;i;t;;;;
clore;3;104;;;t;d;;;;
clôturer;1;3;;;t;;;;;
clouer;1;7;;;t;;;;;
clouter;1;3;;;t;;;;;
coacher;1;3;;;t;;;;;
coaguler;1;3;;;i;t;p;;;
coaliser;1;3;;;t;p;;;;
coanimer;1;3;;;t;;;;;
coasser;1;3;;;i;;;;;
cocher;1;3;;;t;;;;;
côcher;1;3;;;t;;;;;
cochonner;1;3;;;i;t;;;;
cocooner;1;3;;;t;;;;;
cocotter;1;3;;;i;;;;;cocoter
cocoter;1;3;;;i;;;;;cocotter
cocufier;1;8;;;t;;;;;
coder;1;8;;;t;;;;;
codifier;1;8;;;t;;;;;
codiriger;1;13;;;t;;;;;
coécrire;3;80;;;t;;;;;
coéditer;1;3;;;t;;;;;
coexister;1;3;;;i;;;;;
cofinancer;1;12;;;t;;;;;
coffrer;1;3;;;t;;;;;
cogérer;1;14;cog;r;t;;;;;
cogiter;1;3;cogit;;i;t;;;;
cogner;1;9;;;i;t;p;;;
cognoter;1;3;;;i;;;;;
cohabiter;1;3;;;i;;;;;
cohériter;1;3;;;i;;;;;
coiffer;1;3;;;t;p;;;;
coincer;1;12;coin;;t;p;;;;
coïncider;1;3;coïncid;;i;;;;;
coïter;1;3;coït;;i;;;;;
cokéfier;1;8;;;t;;;;;
collaborer;1;3;;;i;ti;;;;
collapser;1;3;;;i;;;;;
collationner;1;3;;;i;t;;;;
collecter;1;3;;;t;p;;;;
collectionner;1;3;;;t;;;;;
collectiviser;1;3;;;t;;;;;
coller;1;3;;;i;t;ti;p;;
colleter;1;24;;;t;p;;;;
colliger;1;13;;;t;;;;;
colloquer;1;3;;;t;;;;;
colmater;1;3;;;t;;;;;
coloniser;1;3;;;t;;;;;
colorer;1;3;;;t;p;;;;
colorier;1;8;;;t;;;;;
coloriser;1;3;;;t;;;;;
colporter;1;3;;;t;;;;;
coltiner;1;3;;;t;p;;;;
combattre;3;93;;;i;t;ti;;;
combiner;1;3;;;t;p;;;;
combler;1;3;;;t;;;;;
commander;1;3;;;t;ti;p;;;
commanditer;1;3;;;t;;;;;
commémorer;1;3;;;t;;;;;
commencer;1;12;commen;;i;t;ti;p;;
commenter;1;3;;;t;;;;;
commercer;1;12;commer;;i;;;;;
commercialiser;1;3;;;t;;;;;
commérer;1;14;comm;r;i;;;;;
commettre;3;94;;;t;p;;;;
commissionner;1;3;;;t;;;;;
commotionner;1;3;;;t;;;;;
commuer;1;7;;;t;;;;;
communaliser;1;3;;;t;;;;;
communier;1;8;;;i;;;;;
communiquer;1;11;;;i;t;p;;;
commuter;1;3;;;i;t;;;;
compacter;1;3;;;t;;;;;
comparaître;3;96;;;i;;;;;
comparer;1;3;;;t;p;;;;
comparoir;3;;;;i;d;;;;
compartimenter;1;3;;;t;;;;;
compasser;1;3;;;t;;;;;
compatir;2;6;;;ti;;;;;
compenser;1;3;;;t;p;;;;
compéter;1;14;comp;t;i;;;;;
compiler;1;3;;;t;;;;;
compisser;1;3;;;t;;;;;
complaire;3;71;;;ti;p;;;;
compléter;1;14;compl;t;t;p;;;;
complexer;1;3;;;t;p;;;;
complexifier;1;8;;;t;p;;;;
complimenter;1;3;;;t;;;;;
compliquer;1;11;;;t;p;;;;
comploter;1;3;;;t;ti;;;;
comporter;1;3;;;t;p;;;;
composer;1;3;;;i;t;p;;;
composter;1;3;;;t;;;;;
comprendre;3;84;;;t;p;;;;
compresser;1;3;;;t;;;;;
comprimer;1;3;;;t;p;;;;
compromettre;3;94;;;i;t;p;;;
comptabiliser;1;3;;;t;;;;;
compter;1;3;;;i;t;ti;p;;
compulser;1;3;;;t;;;;;
computer;1;3;;;t;;;;;
concasser;1;3;;;t;;;;;
concéder;1;14;cons;d;t;;;;;
concélébrer;1;14;concél;br;t;;;;;
concentrer;1;3;;;t;p;;;;
conceptualiser;1;3;;;t;;;;;
concerner;1;3;;;t;d;;;;
concerter;1;3;;;i;t;p;;;
concevoir;3;48;;;t;p;;;;
concilier;1;8;;;t;p;;;;
conclure;1;101;;;t;ti;p;;;
concocter;1;3;;;t;;;;;
concorder;1;3;;;i;;;;;
concourir;3;32;;;i;ti;;;;
concréter;1;23;;;t;;;;;
concrétiser;1;3;;;t;p;;;;
concurrencer;1;12;;;t;;;;;
condamner;1;3;;;t;;;;;
condenser;1;3;;;t;p;;;;
condescendre;3;83;;;ti;;;;;
conditionner;1;3;;;t;;;;;
conduire;3;74;;;t;p;;;;
confectionner;1;3;;;t;p;;;;
confédérer;1;14;conféd;r;t;;;;;
conférer;1;14;conf;r;i;t;;;;
confesser;1;3;;;t;p;;;;
confier;1;8;;;t;p;;;;
configurer;1;3;;;t;;;;;
confiner;1;3;;;t;ti;p;;;
confire;3;82;;;t;p;;;;
confirmer;1;3;;;t;p;;;;
confisquer;1;11;;;t;;;;;
confluer;1;7;;;i;;;;;
confondre;3;83;;;t;p;;;;
conformer;1;3;;;t;p;;;;
conforter;1;3;;;t;p;;;;
confronter;1;3;;;t;;;;;
congédier;1;8;;;t;;;;;
congeler;1;20;;;t;p;;;;
congestionner;1;3;;;t;p;;;;
conglomérer;1;14;conglom;r;t;;;;;
conglutiner;1;3;;;t;;;;;
congratuler;1;3;;;t;p;;;;
congréer;1;10;;;t;;;;;
cônir;2;6;;;t;;;;;
conjecturer;1;3;;;t;;;;;
conjoindre;3;88;;;t;;;;;
conjuguer;1;11;;;t;p;;;;
connaître;3;96;;;t;p;;;;
connecter;1;3;;;t;p;;;;
conobler;1;3;;;t;;;;;connobler
connobler;1;3;;;t;;;;;conobler
connoter;1;3;;;t;;;;;
conobrer;1;3;;;t;;;;;
coquer;1;11;;;t;;;;;
conquérir;3;40;;;t;p;;;;
consacrer;1;3;;;t;p;;;;
conscientiser;1;3;;;t;;;;;
conseiller;1;9;;;t;ti;;;;
consentir;3;36;;;t;ti;;;;
conserver;1;3;;;t;p;;;;
considérer;1;14;consid;r;t;p;;;;
consigner;1;9;;;t;;;;;
consister;1;3;;;ti;;;;;
consoler;1;3;;;t;p;;;;
consolider;1;3;;;t;p;;;;
consommer;1;3;;;t;p;;;;
consoner;1;3;;;i;;;;;
conspirer;1;3;;;t;ti;;;;
conspuer;1;7;;;t;;;;;
constater;1;3;;;t;;;;;
consteller;1;3;;;t;;;;;
consterner;1;3;;;t;;;;;
constiper;1;3;;;t;;;;;
constituer;1;7;;;t;p;;;;
constitutionnaliser;1;3;;;t;;;;;
construire;3;74;;;t;p;;;;
consulter;1;3;;;i;t;p;;;
consumer;1;3;;;t;p;;;;
contacter;1;3;;;t;p;;;;
contagionner;1;3;;;t;;;;;
containeriser;1;3;;;t;;;;;
contaminer;1;3;;;t;;;;;
contempler;1;3;;;t;p;;;;
conteneuriser;1;3;;;t;;;;;
contenir;3;39;;;t;p;;;;
contenter;1;3;;;t;p;;;;
conter;1;3;;;t;;;;;
contester;1;3;;;t;ti;;;;
contingenter;1;3;;;t;;;;;
continuer;1;7;;;i;t;ti;p;;
contorsionner;1;3;;;t;p;;;;
contourner;1;3;;;t;;;;;
contracter;1;3;;;t;p;;;;
contractualiser;1;3;;;t;p;;;;
contracturer;1;3;;;t;;;;;
contraindre;3;87;;;t;p;;;;
contrarier;1;8;;;t;p;;;;
contraster;1;3;;;i;t;;;;
contre-attaquer;1;11;;;i;;;;;
contrebalancer;1;12;contrebalan;;t;p;;;;
contrebattre;3;93;;;t;;;;;
contrebouter;1;3;;;t;;;;;
contre-braquer;1;11;;;t;;;;;
contrebraquer;1;11;;;t;;;;;
contrebuter;1;3;;;t;;;;;
contrecarrer;1;3;;;t;;;;;
contredire;3;77;;;t;p;;;;
contrefaire;3;68;;;t;;;;;
contreficher;1;5;;;xp;;;;;
contrefoutre;3;93;;;xp;d;;;;
contre-indiquer;1;11;;;t;;;;;
contremander;1;3;;;t;;;;;
contre-manifester;1;3;;;i;;;;;
contremarquer;1;11;;;t;;;;;
contre-miner;1;3;;;t;;;;;
contre-murer;1;3;;;t;;;;;
contre-passer;1;3;;;t;;;;;
contre-plaquer;1;11;;;t;;;;;
contrer;1;3;;;t;;;;;
contre-sceller;1;3;;;t;;;;;
contresigner;1;9;;;t;;;;;
contre-tirer;1;3;;;t;;;;;
contrevenir;3;39;;;ti;;;;;
contribuer;1;7;;;ti;;;;;
contrister;1;3;;;t;;;;;
contrôler;1;3;;;t;p;;;;
controuver;1;3;;;t;;;;;
controverser;1;3;;;t;;;;;
contusionner;1;3;;;t;;;;;
convaincre;3;95;;;t;p;;;;
convenir;3;39;;;ti;p;;;avoir/être;
conventionner;1;3;;;t;;;;;
converger;1;13;;;i;;;;;
converser;1;3;;;i;;;;;
convertir;2;6;;;t;p;;;;
convier;1;8;;;t;;;;;
convivialiser;1;3;;;i;t;;;;
convoiter;1;3;;;t;;;;;
convoler;1;3;;;i;;;;;
convoquer;1;11;;;t;;;;;
convoyer;1;27;;;t;;;;;
convulser;1;3;;;t;;;;;
convulsionner;1;3;;;t;;;;;
coopérer;1;14;;;i;;;;;
coopter;1;3;;;t;;;;;
coordonner;1;3;;;t;p;;;;
copermuter;1;3;;;t;;;;;
copier;1;8;;;t;;;;;
copiner;1;3;;;i;;;;;
coposséder;1;14;;;t;;;;;
coprésider;1;3;;;t;;;;;
coproduire;3;74;;;t;;;;;
copuler;1;3;;;i;;;;;
copyrighter;1;3;;;t;;;;;
copywriter;1;3;;;t;;;;;
coquer;1;11;;;t;;;;;
coqueter;1;24;;;i;;;;;
coquiller;1;9;;;i;t;;;;
cordeler;1;21;;;t;;;;;
corder;1;3;;;t;;;;;
cordonner;1;3;;;t;;;;;
cornancher;1;3;;;t;;;;;
cornaquer;1;11;;;t;;;;;
corner;1;3;;;i;t;;;;
correctionnaliser;1;3;;;t;;;;;
corréler;1;14;;;t;;;;;
correspondre;3;83;;;i;ti;p;;;
corriger;1;13;;;t;p;;;;
corroborer;1;3;;;t;;;;;
corroder;1;3;;;t;;;;;
corrompre;3;92;;;t;p;;;;
corroyer;1;27;;;t;;;;;
corser;1;3;;;t;p;;;;
corseter;1;23;;;t;;;;;
cosigner;1;9;;;t;;;;;
cosmétiquer;1;11;;;t;;;;;
cosser;1;3;;;i;;;;;
costumer;1;3;;;t;p;;;;
coter;1;3;;;t;;;;;
cotir;2;6;;;t;;;;;
cotiser;1;3;;;i;p;;;;
cotonner;1;3;;;i;t;p;;;
côtoyer;1;27;;;t;;;;;
couchailler;1;9;;;i;;;;;
coucher;1;3;;;i;t;p;;;
couder;1;3;;;t;;;;;
coudoyer;1;27;;;t;;;;;
coudre;3;89;;;t;;;;;
couillonner;1;3;;;t;;;;;
couiner;1;3;;;t;;;;;
couler;1;3;;;i;t;p;;;
coulisser;1;3;;;i;t;;;;
coupailler;1;9;;;t;;;;;
coupeller;1;3;;;t;;;;;
couper;1;3;;;t;p;;;;
coupler;1;3;;;t;;;;;
courailler;1;9;;;i;;;;;
courbatturer;1;3;;;t;;;;;courbaturer
courbaturer;1;3;;;t;;;;;courbatturer
courber;1;3;;;t;p;;;;
courir;3;32;;;i;t;;;;
couronner;1;3;;;t;p;;;;
courre;1;3;;;t;d;;;;
courroucer;1;12;courr;;t;p;;;;
courser;1;3;;;t;;;;;
courtauder;1;3;;;t;;;;;
court-circuiter;1;3;;;t;;;;;
courtiser;1;3;;;t;;;;;
cousiner;1;3;;;i;;;;;
coûter;1;3;;;i;t;ti;;;
couturer;1;3;;;t;;;;;
couver;1;3;;;i;t;;;;
couvrir;3;42;;;t;p;;;;
coxer;1;3;;;t;;;;;
cracher;1;3;;;t;;;;;
crachiner;1;3;;;i;imp;;;;
crachoter;1;3;;;i;;;;;
crachouiller;1;9;;;t;;;;;
crailler;1;9;;;i;;;;;
craindre;3;87;;;t;;;;;
cramer;1;3;;;i;t;;;;
cramponner;1;3;;;t;p;;;;
crampser;1;3;;;i;;;;;
cramser;1;3;;;i;;;;;
craner;1;3;;;t;;;;;
crâner;1;3;;;i;;;;;
cranter;1;3;;;t;;;;;
crapahuter;1;3;;;i;;;;;
crapaüter;1;3;;;i;;;;;
crapoter;1;3;;;i;;;;;
crapuler;1;3;;;i;;;;;
craqueler;1;21;;;t;p;;;;
craquer;1;11;;;i;t;;;;
craqueter;1;24;;;i;;;;;
crasher;1;3;;;xp;;;;;
crasser;1;3;;;t;;;;;
cravacher;1;3;;;i;t;;;;
cravater;1;3;;;t;;;;;
crawler;1;3;;;i;;;;;
crayonner;1;3;;;t;;;;;
crécher;1;14;cr;ch;i;;;;;
crédibiliser;1;3;;;t;;;;;
créditer;1;3;;;t;;;;;
créer;1;10;;;t;p;;;;
crémer;1;14;cr;m;i;t;;;;
créneler;1;21;;;t;;;;;
créner;1;14;cr;n;t;;;;;
créoliser;1;3;;;t;p;;;;
créosoter;1;3;;;t;;;;;
crêper;1;3;;;t;p;;;;
crépir;2;6;;;t;;;;;
crépiter;1;3;;;i;;;;;
crétiniser;1;3;;;t;;;;;
creuser;1;3;;;t;p;;;;
crevasser;1;3;;;t;p;;;;
crever;1;19;;;i;t;p;;avoir/être;
criailler;1;9;;;i;;;;;
cribler;1;3;;;t;;;;;
crier;1;8;;;i;t;;;;
criminaliser;1;3;;;t;;;;;
criquer;1;11;;;i;;;;;
criser;1;3;;;i;;;;;
crisper;1;3;;;t;p;;;;
crisser;1;3;;;i;;;;;
cristalliser;1;3;;;i;t;p;;;
criticailler;1;9;;;t;;;;;
critiquer;1;11;;;t;;;;;
croasser;1;3;;;i;;;;;
crocher;1;3;;;i;t;;;;
crocheter;1;23;;;t;;;;;
croire;3;72;;;t;ti;p;;;
croiser;1;3;;;i;t;p;;;
croître;3;99;;;i;;;;avoir/être;
crônir;2;6;;;i;;;;;
crounir;2;6;;;i;;;;;
croquer;1;11;;;i;t;;;;
crosser;1;3;;;t;;;;;
crotter;1;3;;;i;t;p;;;
crouler;1;3;;;i;;;;avoir/être;
croupionner;1;3;;;i;;;;;
croupir;2;6;;;i;;;;avoir/être;
croustiller;1;9;;;i;;;;;
croûter;1;3;;;i;t;;;;
croûtonner;1;3;;;xp;;;;;
crucifier;1;8;;;t;;;;;
crypter;1;3;;;t;;;;;
cryptographier;1;8;;;t;;;;;
cuber;1;3;;;i;t;;;;
cueillir;3;43;;;t;;;;;
cuirasser;1;3;;;t;p;;;;
cuire;3;74;;;i;t;;;;
cuisiner;1;3;;;t;;;;;
cuiter;1;3;;;xp;;;;;
cuivrer;1;3;;;t;;;;;
culbuter;1;3;;;i;t;;;;
culer;1;3;;;i;;;;;
culminer;1;3;;;i;;;;;
culotter;1;3;;;t;p;;;;
culpabiliser;1;3;;;i;t;p;;;
cultiver;1;3;;;t;p;;;;
cumuler;1;3;;;t;;;;;
curer;1;3;;;t;p;;;;
cureter;1;24;;;t;;;;;
customiser;1;3;;;t;;;;;
cuveler;1;21;;;t;;;;;
cuver;1;3;;;i;t;;;;
cyanoser;1;3;;;t;;;;;
cylindrer;1;3;;;t;;;;;
dactylographier;1;8;;;t;;;;;
daguer;1;11;;;i;t;;;;
daigner;1;9;;;t;;;;;
daller;1;3;;;t;;;;;
damasquiner;1;3;;;t;;;;;
damasser;1;3;;;t;;;;;
damer;1;3;;;i;t;;;;
damner;1;3;;;t;p;;;;
dandiner;1;3;;;t;;;;;
danser;1;3;;;i;t;;;;
dansotter;1;3;;;i;;;;;
darder;1;3;;;i;t;;;;
dater;1;3;;;i;t;;;;
dauber;1;3;;;t;ti;;;;
déactiver;1;3;;;t;;;;;
dealer;1;3;;;t;;;;;
déambuler;1;3;;;i;;;;;
débâcher;1;3;;;t;;;;;
débâcler;1;3;;;t;;;;;
débagouler;1;3;;;t;;;;;
débâillonner;1;3;;;t;;;;;
déballer;1;3;;;t;;;;;
déballonner;1;3;;;xp;;;;;
débalourder;1;3;;;t;;;;;
débanaliser;1;3;;;t;;;;;
débander;1;3;;;i;t;p;;;
débaptiser;1;3;;;t;;;;;
débarbouiller;1;3;;;t;p;;;;
débarder;1;3;;;t;;;;;
débarquer;1;11;;;i;t;;;;
débarrasser;1;3;;;t;p;;;;
débarrer;1;3;;;t;;;;;
débâter;1;3;;;t;;;;;
débâtir;2;6;;;t;;;;;
débattre;3;93;;;t;p;;;;
débaucher;1;3;;;t;p;;;;
débecqueter;1;3;;;t;;;;;débecter, débequeter
débequeter;1;3;;;t;;;;;débecter, débecqueter
débecter;1;3;;;t;;;;;débecqueter,débequeter
débiliter;1;3;;;t;;;;;
débillarder;1;3;;;t;;;;;
débiner;1;3;;;t;p;;;;
débiter;1;3;;;t;;;;;
déblatérer;1;14;déblat;r;i;t;ti;;;
déblayer;1;25;;;t;;;;;
débleuir;2;6;;;t;;;;;
débloquer;1;11;;;i;t;;;;
débobiner;1;3;;;t;;;;;
déboguer;1;11;;;t;;;;;
déboiser;1;3;;;t;;;;;
déboîter;1;3;;;i;t;p;;;
débonder;1;3;;;t;p;;;;
déborder;1;3;;;i;t;ti;p;avoir/être;
débosseler;1;21;;;t;;;;;
débotter;1;3;;;t;p;;;;
déboucher;1;3;;;i;t;;;;
déboucler;1;3;;;t;;;;;
débouder;1;3;;;i;t;;;;
débouillir;3;41;;;t;;;;;
débouler;1;3;;;i;;;;;
déboulonner;1;3;;;t;;;;;
débouquer;1;11;;;i;;;;;
débourber;1;3;;;t;;;;;
débourrer;1;3;;;t;;;;;
débourser;1;3;;;t;;;;;
déboussoler;1;3;;;t;;;;;
débouter;1;3;;;t;;;;;
déboutonner;1;3;;;t;p;;;;
débraguetter;1;3;;;t;p;;;;
débrailler;1;9;;;xp;;;;;
débrancher;1;3;;;t;p;;;;
débrider;1;3;;;t;;;;;
débriefer;1;3;;;t;;;;;
débrocher;1;3;;;t;;;;;
débrouiller;1;9;;;t;p;;;;
débroussailler;1;9;;;t;;;;;
débucher;1;3;;;i;t;;;;
débudgétiser;1;3;;;t;;;;;
débugger;1;3;;;t;;;;;
débuller;1;3;;;t;;;;;
débureaucratiser;1;3;;;t;;;;;
débusquer;1;11;;;t;;;;;
débuter;1;3;;;i;t;;;;
décacheter;1;24;;;t;;;;;
décadenasser;1;3;;;t;;;;;
décadrer;1;3;;;t;;;;;
décaféiner;1;3;;;t;;;;;
décaisser;1;3;;;t;;;;;
décalaminer;1;3;;;t;;;;;
décalcifier;1;8;;;t;p;;;;
décaler;1;3;;;t;;;;;
décalotter;1;3;;;t;;;;;
décalquer;1;11;;;t;;;;;
décamper;1;3;;;i;;;;avoir/être;
décaniller;1;9;;;i;;;;;
décanter;1;3;;;i;t;p;;;
décapeler;1;21;;;t;;;;;
décaper;1;3;;;t;;;;;
décapitaliser;1;3;;;t;;;;;
décapiter;1;3;;;t;;;;;
décapoter;1;3;;;t;;;;;
décapsuler;1;3;;;t;;;;;
décapuchonner;1;3;;;t;;;;;
décarburer;1;3;;;t;;;;;
décarcasser;1;3;;;t;p;;;;
décarpiller;1;9;;;t;;;;;
décarreler;1;21;;;t;;;;;
décarrer;1;3;;;i;;;;;
décartonner;1;3;;;t;;;;;
décatir;2;6;;;t;p;;;;
décavaillonner;1;3;;;t;;;;;
décaver;1;3;;;t;p;;;;
décéder;1;14;déc;d;t;;;;;
déceler;1;20;;;t;;;;;
décélérer;1;14;décél;r;i;;;;;
décentraliser;1;3;;;t;p;;;;
décentrer;1;3;;;t;p;;;;
décercler;1;3;;;t;;;;;
décérébrer;1;3;;;t;;;;;
décerner;1;3;;;t;;;;;
décerveler;1;21;;;t;;;;;
décesser;1;3;;;ti;;;;;
décevoir;3;48;;;t;;;;;
déchagriner;1;3;;;t;;;;;
déchaîner;1;3;;;t;p;;;;
déchanter;1;3;;;i;;;;;
déchaper;1;3;;;t;;;;;
déchaperonner;1;3;;;t;;;;;
décharger;1;13;;;t;p;;;;
décharner;1;3;;;t;;;;;
déchaumer;1;3;;;t;;;;;
déchausser;1;3;;;t;p;;;;
décher;1;14;;;t;;;;;
déchevêtrer;1;3;;;t;;;;;
décheviller;1;9;;;t;;;;;
déchiffonner;1;3;;;t;;;;;
déchiffrer;1;3;;;t;;;;;
déchiffrer;1;3;;;t;;;;;
déchiqueter;1;24;;;t;;;;;
déchirer;1;3;;;t;p;;;;
déchlorurer;1;3;;;t;;;;;
déchoir;3;67;;;i;d;;;avoir/être;
déchristianiser;1;3;;;t;p;;;;
déchromer;1;3;;;t;;;;;
décider;1;3;;;t;ti;p;;;
décimaliser;1;3;;;t;;;;;
décimer;1;3;;;t;;;;;
décintrer;1;3;;;t;;;;;
déclamer;1;3;;;t;;;;;
déclarer;1;3;;;t;p;;;;
déclasser;1;3;;;t;;;;;
déclaveter;1;24;;;t;;;;;
déclencher;1;3;;;t;p;;;;
décléricaliser;1;3;;;t;;;;;
décliner;1;3;;;i;t;p;;;
décliqueter;1;24;;;t;;;;;
décloisonner;1;3;;;t;;;;;
déclore;3;104;;;t;d;;;;
déclouer;1;7;;;t;;;;;
décocher;1;3;;;t;;;;;
décoder;1;3;;;t;;;;;
décoffrer;1;3;;;t;;;;;
décoiffer;1;3;;;t;p;;;;
décoincer;1;12;décoin;;t;p;;;;
décolérer;1;14;décol;r;i;;;;;
décoller;1;3;;;i;t;p;;;
décolleter;1;24;;;t;p;;;;
décoloniser;1;3;;;t;;;;;
décolorer;1;3;;;t;p;;;;
décommander;1;3;;;t;p;;;;
décommettre;3;94;;;t;;;;;
décommuniser;1;3;;;t;;;;;
décompenser;1;3;;;i;;;;;
décomplexer;1;3;;;t;;;;;
décomposer;1;3;;;t;p;;;;
décompresser;1;3;;;i;t;;;;
décomprimer;1;3;;;t;;;;;
décompter;1;3;;;t;;;;;
déconcentrer;1;3;;;t;p;;;;
déconcerter;1;3;;;t;;;;;
déconcubiner;1;3;;;xp;;;;;
déconditionner;1;3;;;t;;;;;
déconfire;3;82;;;t;;;;;
décongeler;1;20;;;t;;;;;
décongestionner;1;3;;;t;;;;;
déconnecter;1;3;;;t;p;;;;
déconner;1;3;;;i;;;;;
déconseiller;1;9;;;t;;;;;
déconsidérer;1;14;déconsid;r;t;p;;;;
déconsigner;1;9;;;t;;;;;
déconstiper;1;3;;;t;;;;;
déconstruire;3;74;;;t;;;;;
décontaminer;1;3;;;t;;;;;
décontenancer;1;12;;;t;p;;;;
décontracter;1;3;;;t;p;;;;
déconventionner;1;3;;;t;;;;;
décorder;1;3;;;t;p;;;;
décorer;1;3;;;i;t;;;;
décorner;1;3;;;t;;;;;
décortiquer;1;11;;;t;;;;;
découcher;1;3;;;i;;;;
découdre;3;89;;;t;p;;;
découler;1;3;;;i;ti;;;
découper;1;3;;;t;p;;;
découpler;1;3;;;t;;;;
décourager;1;13;;;t;p;;;
découronner;1;3;;;t;;;;
découvrir;3;42;;;t;p;;;
décrambuter;1;3;;;i;t;;;
décramponner;1;3;;;t;;;;
décrapouiller;1;9;;;t;p;;;
décrasser;1;3;;;t;p;;;
décrédibiliser;1;3;;;t;p;;;
décréditer;1;3;;;t;p;;;
décrémenter;1;3;;;t;;;;
décrêper;1;3;;;t;;;;
décrépir;2;6;;;t;p;;;
décrépiter;1;3;;;i;t;;;
décréter;1;14;décr;t;t;;;;
décreuser;1;3;;;t;;;;
décrier;1;3;;;t;;;;
décriminaliser;1;3;;;t;;;;
décrire;3;80;;;t;p;;;
décrisper;1;3;;;t;p;;;
décrocher;1;3;;;i;t;p;;
décroiser;1;3;;;t;;;;
décroître;3;100;;;i;;;;avoir/être
décrotter;1;3;;;t;;;;
décroûter;1;3;;;t;;;;
décruer;1;7;;;t;;;;
décruser;1;3;;;t;;;;
décrypter;1;3;;;t;;;;
décuire;3;74;;;t;;;;
décuivrer;1;3;;;t;;;;
déculasser;1;3;;;t;;;;
déculotter;1;3;;;t;p;;;
déculpabiliser;1;3;;;t;p;;;
décupler;1;3;;;i;t;;;
décuver;1;3;;;t;;;;
dédaigner;1;9;;;t;ti;;;
dédicacer;1;12;;;t;;;;
dédier;1;8;;;t;;;;
dédire;3;77;;;t;p;;;
dédommager;1;13;;;t;;;;
dédorer;1;3;;;t;;;;
dédouaner;1;3;;;t;p;;;
dédoubler;1;3;;;t;p;;;
dédramatiser;1;3;;;t;;;;
déduire;3;74;;;t;p;;;
défaillir;3;44;;;i;;;;
défaire;3;68;;;t;p;;;
défalquer;1;11;;;t;;;;
défarder;1;3;;;t;;;;
défarguer;1;11;;;t;;;;
défatiguer;1;11;;;t;;;;
défaucher;1;3;;;t;;;;
défaufiler;1;3;;;t;;;;
défausser;1;3;;;t;p;;;
défavoriser;1;3;;;t;;;;
défendre;3;83;;;t;p;;;
défenestrer;1;3;;;t;p;;;
déféquer;1;16;déf;que;i;t;;;
déférer;1;14;déf;r;t;ti;;;
déferler;1;3;;;i;t;;;
déferrer;1;3;;;t;;;;
déferriser;1;3;;;t;;;;
défeuiller;1;9;;;t;;;;
défeutrer;1;3;;;t;;;;
défibrer;1;3;;;t;;;;
déficeler;1;21;;;t;;;;
déficher;1;3;;;t;;;;
défier;1;8;;;t;p;;;
défiger;1;13;;;t;;;;
défigurer;1;3;;;t;p;;;
défiler;1;3;;;i;t;p;;
définir;2;6;;;t;p;;;
défiscaliser;1;3;;;t;;;;
déflagrer;1;3;;;i;;;;
déflaquer;1;11;;;i;;;;
défléchir;2;6;;;i;t;;;
défleurir;2;6;;;i;t;;;
défloquer;1;11;;;t;;;;
déflorer;1;3;;;t;;;;
défolier;1;8;;;t;;;;
défoncer;1;12;défon;;t;p;;;
déformer;1;5;;;t;p;;;
défouler;1;3;;;t;p;;;
défourailler;1;9;;;i;t;;;
défourner;1;3;;;t;;;;
défourrer;1;3;;;t;;;;
défragmenter;1;3;;;t;;;;
défraîchir;2;6;;;t;;;;
défranciser;1;3;;;t;;;;
défrayer;1;25;;;t;;;;
défretter;1;3;;;t;;;;
défricher;1;3;;;t;;;;
défringuer;1;11;;;t;p;;;
défriper;1;3;;;t;;;;
défriser;1;3;;;t;;;;
défroisser;1;3;;;t;p;;;
défroncer;1;12;;;t;;;;
défroquer;1;11;;;i;t;p;;
défruiter;1;3;;;t;;;;
défrusquer;1;11;;;t;;;;
dégager;1;13;;;i;t;p;;
dégainer;1;3;;;t;;;;
dégalonner;1;3;;;t;;;;
déganter;1;3;;;t;p;;;
dégarnir;2;6;;;t;p;;;
dégasoliner;1;3;;;t;;;;
dégauchir;2;6;;;t;;;;
dégazer;1;3;;;i;t;;;
dégazoliner;1;3;;;t;;;;
dégazonner;1;3;;;t;;;;
dégeler;1;20;;;i;t;p;;avoir/être
dégénérer;1;14;dégén;r;i;;;;avoir/être
dégermer;1;3;;;t;;;;
dégingander;1;3;;;t;p;;;
dégîter;1;3;;;t;;;;
dégivrer;1;3;;;t;;;;
déglacer;1;12;;;t;;;;
déglinguer;1;11;;;t;p;;;
dégluer;1;7;;;t;;;;
déglutir;1;6;;;t;;;;
dégobiller;1;9;;;t;;;;
dégoiser;1;3;;;i;t;;;
dégommer;1;3;;;t;;;;
dégonder;1;3;;;t;;;;
dégonfler;1;3;;;i;t;p;;
dégorger;1;13;;;i;t;;;
dégoter;1;3;;;i;t;;;
dégotter;1;3;;;i;t;;;
dégoudronner;1;3;;;t;;;;
dégouliner;1;3;;;i;;;;
dégoupiller;1;9;;;t;;;;
dégourdir;2;6;;;t;p;;;
dégourer;1;3;;;t;;;;
dégourrer;1;3;;;t;;;;
dégoûter;1;3;;;t;p;;;
dégoutter;1;3;;;i;t;;;
dégrader;1;3;;;t;p;;;
dégrafer;1;3;;;t;p;;;
dégraisser;1;3;;;t;;;;
dégravoyer;1;27;;;t;;;;
dégréer;1;10;;;t;;;;
dégréner;1;14;dégr;n;i;t;;;
dégrever;1;19;;;t;;;;
dégringoler;1;3;;;i;t;;;
dégripper;1;3;;;t;;;;
dégriser;1;3;;;t;p;;;
dégrosser;1;3;;;t;;;;
dégrossir;2;6;;;t;p;;;
dégrouiller;1;9;;;xp;;;;
déguerpir;2;6;;;i;t;;;
dégueulasser;1;3;;;t;;;;
dégueuler;1;3;;;t;;;;
déguiser;1;3;;;t;p;;;
dégurgiter;1;3;;;t;;;;
déguster;1;3;;;t;p;;;
déhaler;1;3;;;t;p;;;
déhancher;1;3;;;t;p;;;
déharder;1;3;;;t;;;;
déharnacher;1;3;;;t;p;;;
déhotter;1;3;;;i;;;;
déhouiller;1;9;;;t;;;;
déifier;1;8;;;t;;;;
déjanter;1;3;;;t;;;;
déjauger;1;13;;;i;;;;
déjaunir;2;6;;;t;;;;
déjeter;1;24;;;t;;;;
déjeuner;1;3;;;i;;;;
déjouer;1;7;;;t;;;;
déjucher;1;3;;;i;t;;;
déjuger;1;13;;;xp;;;;
délabialiser;1;3;;;t;p;;;
délabrer;1;3;;;t;p;;;
délabyrinther;1;3;;;t;;;;
délacer;1;12;;;t;;;;
délainer;1;3;;;t;;;;
délaisser;1;3;;;t;;;;
délaiter;1;3;;;t;;;;
délarder;1;3;;;t;;;;
délasser;1;3;;;t;p;;;
délatter;1;3;;;t;;;;
délaver;1;3;;;t;;;;
délayer;1;25;;;t;;;;
déléaturer;1;3;;;t;;;;
délecter;1;3;;;t;p;;;
délégitimer;1;3;;;t;;;;
déléguer;1;16;;;t;;;;
délester;1;3;;;t;p;;;
délibérer;1;14;;;t;ti;;;
délier;1;8;;;t;p;;;
délignifier;1;8;;;t;;;;
délimiter;1;3;;;t;;;;
délinéer;1;10;;;t;;;;
délirer;1;3;;;i;;;;
délisser;1;3;;;t;;;;
déliter;1;3;;;t;p;;;
délivrer;1;3;;;t;p;;;
délocaliser;1;3;;;t;p;;;
déloger;1;13;;;i;t;;;
déloquer;1;11;;;t;p;;;
délover;1;3;;;t;;;;
délurer;1;3;;;t;;;;
délustrer;1;3;;;t;;;;
déluter;1;3;;;t;;;;
démaçonner;1;3;;;t;;;;
démagnétiser;1;3;;;t;;;;
démaigrir;2;6;;;i;t;;;
démailler;1;9;;;t;p;;;
démailloter;1;3;;;t;;;;
démancher;1;3;;;i;t;p;;
demander;1;3;;;t;p;;;
démanger;1;13;;;t;;;;
démanteler;1;20;;;t;;;;
démantibuler;1;3;;;t;p;;;
démasquer;1;11;;;xp;;;;
démaquiller;1;9;;;t;p;;;
démarcher;1;3;;;t;;;;
démarier;1;8;;;t;p;;;
démarquer;1;11;;;i;t;p;;
démarrer;1;3;;;i;t;;;
démascler;1;3;;;t;;;;
démasquer;1;11;;;t;p;;;
démastiquer;1;11;;;t;;;;
démâter;1;3;;;i;t;;;
dématérialiser;1;3;;;t;;;;
démazouter;1;3;;;t;;;;
démédicaliser;1;3;;;t;;;;
démêler;1;3;;;t;p;;;
démembrer;1;3;;;t;;;;
déménager;1;13;;;i;t;;;
démener;1;19;;;xp;;;;
démentir;3;36;;;t;p;;;
démerder;1;3;;;xp;;;;
démériter;1;3;;;i;;;;
déméthaniser;1;3;;;t;;;;
démettre;3;94;;;t;p;;;
démeubler;1;3;;;t;;;;
demeurer;1;3;;;i;;;;avoir/être
démieller;1;3;;;t;;;;
démilitariser;1;3;;;t;;;;
déminer;1;3;;;t;;;;
déminéraliser;1;3;;;t;;;;
démissionner;1;3;;;t;ti;;;
démobiliser;1;3;;;t;p;;;
démocratiser;1;3;;;t;p;;;
démoder;1;3;;;t;p;;;
démoduler;1;3;;;t;;;;
démolir;2;6;;;t;;;;
démonétiser;1;3;;;t;;;;
démonter;1;3;;;t;p;;;
démontrer;1;3;;;t;p;;;
démoraliser;1;3;;;t;p;;;
démordre;1;83;;;i;ti;;;
démotiver;1;3;;;t;p;;;
démoucheter;1;24;;;t;;;;
démouler;1;3;;;t;;;;
démouscailler;1;9;;;xp;;;;
démoustiquer;1;11;;;t;;;;
démultiplier;1;8;;;t;p;;;
démunir;2;6;;;t;p;;;
démurer;1;3;;;t;;;;
démurger;1;13;;;i;t;;;
démuseler;1;21;;;t;;;;
démystifier;1;8;;;t;;;;
démythifier;1;8;;;t;;;;
dénasaliser;1;3;;;t;;;;
dénationaliser;1;3;;;t;;;;
dénatter;1;3;;;t;;;;
dénaturaliser;1;3;;;t;;;;
dénaturer;1;3;;;t;p;;;
dénazifier;1;8;;;t;;;;
dénébuler;1;3;;;t;;;;
dénébuliser;1;3;;;t;;;;
déneiger;1;13;;;t;;;;
dénerver;1;3;;;t;;;;
déniaiser;1;3;;;t;p;;;
dénicher;1;3;;;i;t;;;
dénickeler;1;3;;;t;;;;
dénicotiniser;1;3;;;t;;;;
dénier;1;8;;;t;;;;
dénigrer;1;3;;;t;;;;
dénitrer;1;3;;;t;;;;
dénitrifier;1;8;;;t;;;;
déniveler;1;21;;;t;;;;
dénombrer;1;3;;;t;;;;
dénommer;1;3;;;t;;;;
dénoncer;1;12;;;t;p;;;
dénoter;1;3;;;t;;;;
dénouer;1;7;;;t;p;;;
dénoyauter;1;3;;;t;;;;
dénoyer;1;27;;;t;;;;
densifier;1;8;;;t;;;;
denteler;1;21;;;t;;;;
dénucléariser;1;3;;;t;;;;
dénuder;1;3;;;t;p;;;
dénuer;1;7;;;xp;;;;
dépagnoter;1;3;;;xp;;;;
dépailler;1;9;;;t;;;;
dépaisseler;1;21;;;t;;;;
dépalisser;1;3;;;t;;;;
dépanner;1;3;;;t;;;;
dépaqueter;1;24;;;t;;;;
déparaffiner;1;3;;;t;;;;
déparasiter;1;3;;;t;;;;
dépareiller;1;9;;;t;;;;
déparer;1;3;;;t;;;;
déparier;1;8;;;t;;;;
déparler;1;3;;;i;;;;
départager;1;13;;;t;p;;;
départementaliser;1;3;;;t;;;;
départir;1;36;;;t;p;;;
dépasser;1;3;;;i;t;p;;
dépassionner;1;3;;;t;;;;
dépatouiller;1;9;;;xp;;;;
dépatrier;1;8;;;t;p;;;
dépaver;1;3;;;t;;;;
dépayser;1;3;;;t;;;;
dépecer;1;19;;;t;;;;
dépêcher;1;3;;;t;p;;;
dépeigner;1;9;;;t;;;;
dépeindre;3;86;;;t;;;;
dépelotonner;1;3;;;t;;;;
dépénaliser;1;3;;;t;;;;
dépendre;3;83;;;t;ti;;;
dépenser;1;3;;;t;p;;;
dépérir;2;6;;;i;;;;
dépersonnaliser;1;3;;;t;p;;;
dépêtrer;1;3;;;t;p;;;
dépeupler;1;3;;;t;p;;;
déphaser;1;3;;;t;;;;
déphosphorer;1;3;;;t;;;;
dépiauter;1;3;;;t;;;;
dépiler;1;3;;;t;;;;
dépingler;1;3;;;t;;;;
dépiquer;1;11;;;t;;;;
dépister;1;3;;;t;;;;
dépiter;1;3;;;t;p;;;
déplacer;1;12;;;t;p;;;
déplafonner;1;3;;;t;;;;
déplaire;3;71;;;ti;p;;;
déplaner;1;3;;;i;;;;
déplanquer;1;11;;;t;p;;;
déplanter;1;3;;;t;;;;
déplâtrer;1;3;;;t;;;;
déplier;1;8;;;t;p;;;
déplisser;1;3;;;t;p;;;
déplomber;1;3;;;t;;;;
déployer;1;3;;;t;;;;
déployer;1;27;;;t;p;;;
déplumer;1;3;;;t;p;;;
dépocher;1;3;;;t;;;;
dépoétiser;1;3;;;t;;;;
dépoiler;1;3;;;xp;;;;
dépointer;1;3;;;t;;;;
dépolariser;1;3;;;t;;;;
dépolir;2;6;;;t;p;;;
dépolitiser;1;3;;;t;p;;;
dépolluer;1;7;;;t;;;;
dépolymériser;1;3;;;t;;;;
dépontiller;1;9;;;i;;;;
déporter;1;3;;;t;p;;;
déposer;1;3;;;t;p;;;
déposséder;1;14;déposs;d;t;;;;
dépoter;1;3;;;t;;;;
dépoudrer;1;3;;;t;;;;
dépouiller;1;9;;;t;p;;;
dépourvoir;3;51;;;t;d;p;;
dépoussiérer;1;3;dépouss;r;t;;;;
dépraver;1;3;;;t;;;;
déprécier;1;8;;;t;p;;;
déprendre;3;84;;;xp;;;;
dépressuriser;1;3;;;t;;;;
déprimer;1;3;;;i;t;p;;
dépriser;1;3;;;t;;;;
déprogrammer;1;3;;;t;;;;
déprolétariser;1;3;;;t;;;;
dépropaniser;1;3;;;t;;;;
déprotéger;1;18;déprot;g;t;;;;
dépuceler;1;21;;;t;;;;
dépulper;1;3;;;t;;;;
dépurer;1;3;;;t;;;;
députer;1;3;;;t;;;;
déqualifier;1;8;;;t;;;;
déquiller;1;9;;;t;;;;
déraciner;1;3;;;t;;;;
dérader;1;3;;;i;;;;
dérager;1;13;;;i;;;;
déraidir;2;6;;;t;p;;;
dérailler;1;9;;;i;;;;
déraisonner;1;3;;;i;;;;
déramer;1;3;;;i;t;;;
déranger;1;13;;;t;p;;;
déraper;1;3;;;i;;;;
déraser;1;3;;;t;;;;
dérater;1;3;;;t;;;;
dératiser;1;3;;;t;;;;
dérayer;1;25;;;i;t;;;
déréaliser;1;3;;;t;;;;
déréférencer;1;12;déréféren;;t;;;;
déréglementer;1;3;;;t;;;;
dérégler;1;14;dér;gl;t;p;;;
déréguler;1;3;;;t;;;;
déresponsabiliser;1;3;;;t;;;;
dérésumenter;1;3;;;t;;;;
dérider;1;3;;;t;p;;;
dériver;1;3;;;i;t;ti;;
dérober;1;3;;;t;p;;;
dérocher;1;3;;;t;;;;
déroder;1;3;;;t;;;;
déroger;1;13;;;ti;;;;
dérondir;1;6;;;t;;;;
dérougir;1;6;;;i;t;;;
dérouiller;1;9;;;i;t;p;;
dérouler;1;3;;;t;p;;;
dérouter;1;3;;;t;p;;;
désabonner;1;3;;;t;p;;;
désabuser;1;3;;;t;;;;
désaccentuer;1;7;;;t;;;;
désacclimater;1;3;;;t;;;;
désaccorder;1;3;;;t;p;;;
désaccoupler;1;3;;;t;;;;
désaccoutumer;1;3;;;t;p;;;
désacidifier;1;8;;;t;;;;
désaciérer;1;14;désaci;;t;;;;
désacraliser;1;3;;;t;;;;
désactiver;1;3;;;t;;;;
désadapter;1;3;;;t;p;;;
désaérer;1;14;désa;;t;;;;
désaffecter;1;3;;;t;;;;
désaffectionner;1;3;;;xp;;;;
désaffilier;1;8;;;t;;;;
désagencer;1;12;;;t;;;;
désagrafer;1;3;;;t;;;;
désagréger;1;18;désagr;g;t;p;;;
désaimanter;1;3;;;t;;;;
désaisonnaliser;1;3;;;t;;;;
désajuster;1;3;;;t;;;;
désaliéner;1;14;désali;;t;;;;
désaligner;1;9;;;t;;;;
désalper;1;3;;;i;;;;
désaltérer;1;14;désalt;r;t;p;;;
désamarrer;1;3;;;t;;;;
désambiguïser;1;3;;;t;;;;
désamianter;1;3;;;t;;;;
désamidonner;1;3;;;t;;;;
désaminer;1;3;;;t;;;;
désamorcer;1;12;désamor;;t;p;;;
désannexer;1;3;;;t;;;;
désaper;1;3;;;t;p;;;
désapparier;1;8;;;t;;;;
désappointer;1;3;;;t;;;;
désapprendre;3;84;;;t;;;;
désapprouver;1;3;;;t;;;;
désapprovisionner;1;3;;;t;;;;
désarçonner;1;3;;;t;;;;
désargenter;1;3;;;t;p;;;
désarmer;1;3;;;i;t;;;
désarrimer;1;3;;;t;;;;
désarticuler;1;3;;;t;p;;;
désassembler;1;3;;;t;;;;
désassimiler;1;3;;;t;;;;
désassortir;2;6;;;t;;;;
désatomiser;1;3;;;t;;;;
désavantager;1;13;;;t;;;;
désaveugler;1;3;;;t;;;;
désavouer;1;7;;;t;;;;
désaxer;1;3;;;t;;;;
desceller;1;3;;;t;p;;;
descendre;3;83;;;i;t;;;avoir/être
déscolariser;1;3;;;t;;;;
déséchouer;1;7;;;t;;;;
désectoriser;1;3;;;t;;;;
désembobiner;1;3;;;t;;;;
désembourber;1;3;;;t;;;;
désembourgeoiser;1;3;;;t;p;;;
désembouteiller;1;9;;;t;;;;
désembrayer;1;25;;;t;;;;
désembuer;1;7;;;t;;;;
désemmancher;1;3;;;t;;;;
désemparer;1;3;;;t;;;;
désempeser;1;19;;;t;;;;
désemplir;2;6;;;i;t;p;;
désemprisonner;1;3;;;t;;;;
désencadrer;1;3;;;t;;;;
désencarter;1;3;;;t;;;;
désenchaîner;1;3;;;t;;;;
désenchanter;1;3;;;t;;;;
désenclaver;1;3;;;t;p;;;
désencombrer;1;3;;;t;;;;
désencrasser;1;3;;;t;;;;
désendetter;1;3;;;xp;;;;
désénerver;1;3;;;t;;;;
désenfiler;1;3;;;t;;;;
désenflammer;1;3;;;t;;;;
désenfler;1;3;;;i;t;;;
désenfumer;1;3;;;t;;;;
désengager;1;13;;;t;p;;;
désengluer;1;7;;;t;p;;;
désengorger;1;13;;;t;;;;
désengourdir;1;6;;;t;;;;
désengrener;1;19;;;t;;;;
désenivrer;1;3;;;t;p;;;
désenlacer;1;12;désenla;;t;;;;
désenlaidir;2;6;;;i;t;;;
désennuyer;1;26;;;t;p;;;
désenrayer;1;25;;;t;;;;
désenrhumer;1;3;;;t;;;;
désenrouer;1;7;;;t;;;;
désensabler;1;3;;;t;;;;
désensibiliser;1;3;;;t;;;;
désensorceler;1;21;;;t;;;;
désentoiler;1;3;;;t;;;;
désentortiller;1;9;;;t;;;;
désentraver;1;3;;;t;;;;
désenvaser;1;3;;;t;;;;
désenvelopper;1;3;;;t;;;;
désenvenimer;1;3;;;t;;;;
désenverguer;1;11;;;t;;;;
désenvoûter;1;3;;;t;;;;
désépaissir;2;6;;;t;;;;
déséquilibrer;1;3;;;t;;;;
déséquiper;1;3;;;xp;;;;
déserter;1;3;;;t;;;;
désespérer;1;14;désesp;r;i;t;p;;
désétablir;2;6;;;t;;;;
désétamer;1;3;;;t;;;;
désétatiser;1;3;;;t;;;;
désexciter;1;3;;;t;p;;;
désexualiser;1;3;;;t;;;;
déshabiller;1;9;;;t;p;;;
déshabituer;1;7;;;t;p;;;
désherber;1;3;;;t;;;;
déshériter;1;3;;;t;;;;
déshonorer;1;3;;;t;p;;;
déshuiler;1;3;;;t;;;;
déshumaniser;1;3;;;t;p;;;
déshumidifier;1;8;;;t;;;;
déshydrater;1;3;;;t;p;;;
déshydrogéner;1;14;déhydrog;n;t;;;;
déshypothéquer;1;16;;;t;;;;
désigner;1;9;;;t;p;;;
désillusionner;1;3;;;t;;;;
désincarner;1;3;;;t;p;;;
désincorporer;1;3;;;t;;;;
désincruster;1;3;;;t;;;;
désinculper;1;3;;;t;;;;
désindexer;1;3;;;t;;;;
désindustrialiser;1;3;;;t;p;;;
désinfecter;1;3;;;t;;;;
désinformer;1;3;;;t;;;;
désinhiber;1;3;;;t;;;;
désinscrire;3;80;;;t;p;;;
désinsectiser;1;3;;;t;;;;
désinstaller;1;3;;;t;;;;
désintégrer;1;14;désint;gr;t;p;;;
désintéresser;4;6;;;t;p;;;
désintoxiquer;1;11;;;t;p;;;
désinvestir;2;6;;;t;;;;
désinviter;1;3;;;t;;;;
désirer;1;3;;;t;;;;
désister;1;3;;;xp;;;;
désobéir;2;6;;;ti;;;;
désobliger;1;13;;;t;;;;
désobstruer;1;7;;;t;;;;
désociabiliser;1;3;;;t;p;;;
désoccuper;1;3;;;t;;;;
désodoriser;1;3;;;t;;;;
désoler;1;3;;;t;p;;;
désolidariser;1;3;;;t;p;;;
désoperculer;1;3;;;t;;;;
désopiler;1;3;;;t;;;;
désorber;1;3;;;t;;;;
désorbiter;1;3;;;t;;;;
désordonner;1;3;;;t;;;;
désorganiser;1;3;;;t;p;;;
désorienter;1;3;;;t;;;;
désosser;1;3;;;t;;;;
désoxyder;1;3;;;t;;;;
désoxygéner;1;14;désoxyg;n;t;;;;
desquamer;1;3;;;i;t;;;
dessabler;1;3;;;t;;;;
dessaisir;1;6;;;t;p;;;
dessaler;1;3;;;i;t;p;;
dessangler;1;3;;;t;;;;
dessaouler;1;3;;;i;t;p;;
dessaper;1;3;;;t;p;;;
dessécher;1;14;dess;ch;t;p;;;
desseller;1;3;;;t;;;;
desserrer;1;3;;;t;p;;;
dessertir;2;6;;;t;;;;
desservir;3;35;;;t;p;;;
dessiller;1;9;;;t;;;;
dessiner;1;3;;;t;p;;;
dessoler;1;3;;;t;;;;
dessouder;1;3;;;t;p;;;
dessoûler;1;3;;;i;t;;;
dessuinter;1;3;;;t;;;;
déstabiliser;1;3;;;t;;;;
déstaliniser;1;3;;;t;;;;
destiner;1;3;;;t;p;;;
destituer;1;7;;;t;;;;
déstocker;1;3;;;t;;;;
déstructurer;1;3;;;t;p;;;
désulfiter;1;3;;;t;;;;
désulfurer;1;3;;;t;;;;
désunir;2;6;;;t;p;;;
désynchroniser;1;3;;;t;p;;;
détacher;1;3;;;t;p;;;
détailler;1;9;;;t;p;;;
détaler;1;3;;;i;;;;
détaller;1;3;;;t;;;;
détapisser;1;3;;;t;;;;
détartrer;1;3;;;t;;;;
détaxer;1;3;;;t;;;;
détecter;1;3;;;t;;;;
déteindre;3;86;;;i;t;;;
dételer;1;21;;;i;t;;;
détendre;3;83;;;t;p;;;
détenir;3;39;;;t;;;;
déterger;1;13;;;t;;;;
détériorer;1;3;;;t;p;;;
déterminer;1;3;;;t;p;;;
déterrer;1;3;;;t;;;;
détester;1;3;;;t;p;;;
détirer;1;3;;;t;;;;
détisser;1;3;;;t;;;;
détoner;1;3;;;i;;;;
détonneler;1;21;;;t;;;;
détonner;1;3;;;i;;;;
détordre;3;83;;;t;;;;
détortiller;1;9;;;t;;;;
détourer;1;3;;;t;;;;
détourner;1;3;;;t;p;;;
détoxiquer;1;11;;;t;p;;;
détracter;1;3;;;t;;;;
détrancher;1;3;;;i;;;;
détransposer;1;3;;;t;;;;
détraquer;1;11;;;t;p;;;
détremper;1;3;;;t;;;;
détresser;1;3;;;t;;;;
détricoter;1;3;;;t;;;;
détromper;1;3;;;t;p;;;
détroncher;1;3;;;i;;;;
détrôner;1;3;;;t;;;;
détroquer;1;11;;;t;;;;
détrousser;1;3;;;t;;;;
détruire;3;74;;;t;p;;;
dévaler;1;3;;;i;t;;;
dévaliser;1;3;;;t;;;;
dévaloriser;1;3;;;t;p;;;
dévaluer;1;7;;;t;p;;;
devancer;1;12;devan;;t;;;;
dévaser;1;3;dévas;;t;;;;
dévaster;1;3;;;t;;;;
développer;1;3;;;t;p;;;
devenir;3;39;;;i;;;;être
déventer;1;3;;;t;;;;
déverdir;2;6;;;i;;;;
dévergonder;1;3;;;xp;;;;
déverguer;1;11;;;t;;;;
dévernir;2;6;;;t;;;;
déverrouiller;1;9;;;t;;;;
déverser;1;3;;;t;p;;;
dévêtir;3;37;;;t;p;;;
dévider;1;3;;;t;p;;;
dévier;1;8;;;i;t;;;
deviner;1;3;;;t;p;;;
dévirer;1;3;;;t;;;;
dévirginiser;1;3;;;t;;;;
déviriliser;1;3;;;t;;;;
déviroler;1;3;;;t;;;;
dévisager;1;13;;;t;;;;
deviser;1;3;;;i;;;;
dévisser;1;3;;;i;t;;;
dévitaliser;1;3;;;t;;;;
dévitrifier;1;8;;;t;;;;
dévoiler;1;3;;;t;p;;;
devoir;3;53;;;t;p;;;
dévolter;1;3;;;t;;;;
dévorer;1;3;;;t;p;;;
dévouer;1;7;;;t;p;;;
dévoyer;1;27;;;t;p;;;
dézinguer;1;11;;;t;;;;
diaboliser;1;3;;;t;;;;
diagnostiquer;1;11;;;t;;;;
dialectaliser;1;3;;;t;;;;
dialectiser;1;3;;;t;;;;
dialoguer;1;11;;;i;t;;;
dialyser;1;3;;;t;;;;
diamanter;1;3;;;t;;;;
diaphragmer;1;3;;;i;t;;;
diaprer;1;3;;;t;;;;
dicter;1;3;;;t;;;;
diéséliser;1;3;;;t;;;;
diéser;1;14;di;s;t;;;;
diffamer;1;3;;;t;;;;
différencier;1;8;;;t;p;;;
différer;1;14;;;i;t;;;
difformer;1;3;;;t;;;;
diffracter;1;3;;;t;;;;
diffuser;1;3;;;t;p;;;
digérer;1;14;dig;r;t;p;;;
digitaliser;1;3;;;t;;;;
digresser;1;3;;;i;;;;
dilacérer;1;14;dilac;r;t;;;;
dilapider;1;3;;;t;;;;
dilater;1;3;;;t;p;;;
diligenter;1;3;;;t;;;;
diluer;1;7;;;t;p;;;
dimensionner;1;3;;;t;;;;
diminuer;1;7;;;i;t;p;;avoir/être
dindonner;1;3;;;t;;;;
dîner;1;3;;;i;;;;
dinguer;1;11;;;i;;;;
diphtonguer;1;11;;;t;;;;
diplômer;1;3;;;t;;;;
dire;3;76;;;t;p;;;
diriger;1;13;;;t;p;;;
discerner;1;3;;;t;;;;
discipliner;1;3;;;t;p;;;
discompter;1;3;;;t;;;;
discontinuer;1;7;;;i;d;;;
disconvenir;3;39;;;ti;;;;avoir/être
discorder;1;3;;;i;;;;
discounter;1;3;;;t;;;;
discourir;3;32;;;i;;;;
discréditer;1;3;;;t;p;;;
discriminer;1;3;;;t;;;;
disculper;1;3;;;t;p;;;
discursiviser;1;3;;;t;;;;
discutailler;1;9;;;i;;;;
discuter;1;3;;;i;t;ti;p;
disgracier;1;8;;;t;;;;
disjoindre;3;88;;;t;p;;;
disjoncter;1;3;;;i;t;;;
disloquer;1;11;;;t;p;;;
disparaître;3;96;;;i;;;;avoir/être
dispatcher;1;3;;;t;;;;
dispenser;1;3;;;t;p;;;
disperser;1;3;;;t;p;;;
disposer;1;3;;;i;t;ti;p;
disproportionner;1;3;;;t;;;;
disputailler;1;9;;;i;;;;
disputer;1;3;;;t;ti;p;;
disqualifier;1;8;;;t;p;;;
disséminer;1;3;;;t;p;;;
disséquer;1;16;;;t;;;;
disserter;1;3;;;i;;;;
dissimuler;1;3;;;t;p;;;
dissiper;1;3;;;t;p;;;
dissocier;1;8;;;t;p;;;
dissoner;1;3;;;i;;;;
dissoudre;3;91;;;t;d;p;;;
dissuader;1;3;;;t;;;;;
distancer;1;12;;;t;;;;;
distancier;1;8;;;t;;;;;
distendre;3;83;;;t;p;;;;
distiller;1;9;;;i;t;;;;
distinguer;1;11;;;t;p;;;;
distordre;3;83;;;t;p;;;;
distraire;3;69;;;t;d;p;;;
distribuer;1;7;;;t;p;;;;
divaguer;1;11;;;i;;;;;
diverger;1;13;;;i;;;;;
diversifier;1;8;;;t;p;;;;
divertir;2;6;;;t;p;;;;
diviniser;1;3;;;t;;;;;
diviser;1;3;;;t;p;;;;
divorcer;1;12;divor;;i;;;;avoir/être;
divulguer;1;11;;;t;p;;;;
documenter;1;3;;;t;p;;;;
dodeliner;1;3;;;i;t;ti;;;
dogmatiser;1;3;;;i;;;;;
doigter;1;3;;;t;;;;;
doler;1;3;;;t;;;;;
domestiquer;1;11;;;t;;;;;
domicilier;1;8;;;t;;;;;
dominer;1;3;;;t;p;;;;
dompter;1;3;;;t;;;;;
donner;1;3;;;t;p;;;;
doper;1;3;;;t;;;;;
dorer;1;3;;;t;p;;;;
dorloter;1;3;;;t;;;; ;
dormir;3;34;;;i;;;;;
doser;1;3;;;t;;;;;
doter;1;3;;;t;p;;;;
double-cliquer;1;11;;;t;;;;;
doubler;1;3;;;i;t;p;;;
doublonner;1;3;;;i;;;;;
doucher;1;3;;;t;p;;;;
doucir;2;6;;;t;;;;;
douer;1;7;;;t;d;;;;
douiller;1;9;;;i;;;;;
douter;1;3;;;t;ti;p;;;
dragéifier;1;8;;;t;;;;;
drageonner;1;3;;;i;;;;;
draguer;1;11;;;t;;;;;
drainer;1;3;;;t;;;;;
dramatiser;1;3;;;t;;;;;
drapeler;1;21;;;t;;;;;
draper;1;3;;;t;p;;;;
drayer;1;25;;;t;;;;;
dresser;1;3;;;t;p;;;;
dribbler;1;3;;;i;t;;;;
driller;1;9;;;t;;;;;
driver;1;3;;;t;;;;;
droguer;1;11;;;i;t;p;;;
droitiser;1;3;;;t;p;;;;
droper;1;3;;;i;t;;;;dropper
dropper;1;3;;;i;t;;;;droper
drosser;1;3;;;t;;;;;
dulcifier;1;8;;;t;;;;;
duper;1;3;;;t;p;;;;
duplexer;1;3;;;t;;;;;
dupliquer;1;11;;;t;;;;;
durcir;2;6;;;i;t;p;;;
durer;1;3;;;i;;;;;
duveter;1;24;;;xp;;;;;
dynamiser;1;3;;;t;;;;;
dynamiter;1;3;;;t;;;;;
ébahir;2;6;;;t;p;;;;
ébarber;1;3;;;t;;;;;
ébattre;3;93;;;xp;;;;;
ébaubir;2;6;;;xp;;;;;
ébaucher;1;3;;;t;p;;;;
ébaudir;2;6;;;t;p;;;;
ébavurer;1;3;;;t;;;;;
éberluer;1;7;;;t;;;;;
ébiseler;1;21;;;t;;;;;
éblouir;2;6;;;t;;;;;
éborgner;1;9;;;t;p;;;;
ébosser;1;3;;;t;;;;;
ébouer;1;7;;;t;;;;;
ébouillanter;1;3;;;t;p;;;;
ébouler;1;3;;;i;t;p;;;
ébourgeonner;1;3;;;t;;;;;
ébouriffer;1;3;;;t;;;;;
ébourrer;1;3;;;t;;;;;
ébouter;1;3;;;t;;;;;
ébouzer;1;3;;;t;;;;;
ébraiser;1;3;;;t;;;;;
ébrancher;1;3;;;t;;;;;
ébranler;1;3;;;t;p;;;;
ébraser;1;3;;;t;;;;;
ébrécher;1;14;ébr;ch;t;p;;;;
ébrouer;1;7;;;xp;;;;;
ébruiter;1;3;;;t;p;;;;
ébruter;1;3;;;t;;;;;
écacher;1;3;;;t;;;;;
écaffer;1;3;;;t;;;;;
écailler;1;9;;;t;p;;;;
écaler;1;3;;;t;p;;;;
écanguer;1;11;;;t;;;;;
écarquiller;1;9;;;t;;;;;
écarteler;1;20;;;t;;;;;
écarter;1;3;;;t;p;;;;
écatir;2;6;;;t;;;;;
échafauder;1;3;;;t;;;;;
échalasser;1;3;;;t;;;;;
échampir;2;6;;;t;;;;;
échancrer;1;3;;;t;;;;;
échanfreiner;1;3;;;t;;;;;
échanger;1;13;;;t;p;;;;
échantillonner;1;3;;;t;;;;;
échapper;1;3;;;i;t;ti;p;avoir/être;
échardonner;1;3;;;t;;;;;
écharner;1;3;;;t;;;;;
écharper;1;3;;;t;p;;;;
échauder;1;3;;;t;p;;;;
échauffer;1;3;;;t;p;;;;
échauler;1;3;;;t;;;;;
échaumer;1;3;;;t;;;;;
échelonner;1;3;;;t;p;;;;
écheniller;1;9;;;t;;;;;
écheveler;1;21;;;t;;;;;
échiner;1;3;;;t;p;;;;
échographier;1;8;;;t;;;;;
échoir;3;66;;;i;d;;;avoir/être;
échopper;1;3;;;t;;;;;
échouer;1;7;;;i;t;p;;avoir/être;
écimer;1;3;;;t;;;;;
éclabousser;1;3;;;t;p;;;;
éclaircir;2;6;;;t;p;;;;
éclairer;1;3;;;t;p;;;;
éclater;1;3;;;i;t;p;;;
éclipser;1;3;;;t;p;;;;
éclisser;1;3;;;t;;;;;
écloper;1;3;;;t;;;;;
éclore;3;104;;;i;d;;;avoir/être;
écluser;1;3;;;t;;;;;
écobuer;1;7;;;t;;;;;
écœurer;1;3;;;t;;;;;
éconduire;3;74;;;t;;;;;
économiser;1;3;;;t;p;;;;
écoper;1;3;;;t;ti;;;;
écorcer;1;12;écor;;t;;;;;
écorcher;1;3;;;t;p;;;;
écorer;1;3;;;t;;;;;
écorner;1;3;;;t;;;;;
écornifler;1;3;;;t;;;;;
écosser;1;3;;;t;;;;;
écouler;1;3;;;t;p;;;;
écourter;1;3;;;t;;;;;
écouter;1;3;;;t;p;;;;
écouvillonner;1;3;;;t;;;;;
écrabouiller;1;9;;;t;;;;;
écraser;1;3;;;t;p;;;;
écrémer;1;14;;;t;;;;;
écrêter;1;3;;;t;;;;;
écrier;1;8;;;xp;;;;;
écrire;3;80;;;t;p;;;;
écrivailler;1;9;;;i;;;;;
écrivasser;1;3;;;t;;;;;
écrouer;1;7;;;t;;;;;
écrouir;2;6;;;t;;;;;
écrouler;1;3;;;xp;;;;;
écroûter;1;3;;;t;;;;;
écuisser;1;3;;;t;;;;;
éculer;1;3;;;t;;;;;
écumer;1;3;;;i;t;;;;
écurer;1;3;;;t;;;;;
écussonner;1;3;;;t;;;;;
édenter;1;3;;;t;;;;;
édicter;1;3;;;t;;;;;
édifier;1;8;;;t;;;;;
éditer;1;3;;;t;;;;;
éditionner;1;3;;;t;;;;;
édulcorer;1;3;;;t;;;;;
éduquer;1;11;;;t;;;;;
effacer;1;12;effa;;t;p;;;;
effaner;1;3;;;t;;;;;
effarer;1;3;;;t;p;;;;
effaroucher;1;3;;;t;p;;;;
effectuer;1;7;;;t;p;;;;
efféminer;1;3;;;t;;;;;
effeuiller;1;9;;;t;p;;;;
effiler;1;3;;;t;p;;;;
effilocher;1;3;;;t;p;;;;
efflanquer;1;11;;;t;p;;;;
effleurer;1;3;;;t;;;;;
effleurir;1;6;;;i;;;;;
effluver;1;3;;;i;;;;;
effondrer;1;3;;;t;p;;;;
efforcer;1;12;effor;;xp;;;;;
effranger;1;13;effrang;;t;p;;;;
effrayer;1;25;;;t;p;;;;
effriter;1;3;;;t;p;;;;
égailler;1;9;;;xp;;;;;
égaler;1;3;;;t;;;;;
égaliser;1;3;;;t;;;;;
égarer;1;3;;;t;p;;;;
égayer;1;25;;;t;p;;;;
égnaffer;1;3;;;t;;;;;
égoïner;1;3;;;t;;;;;
égorger;1;13;;;t;p;;;;
égosiller;1;9;;;xp;;;;;
égoutter;1;3;;;t;p;;;;
égrainer;1;3;;;t;p;;;;
égrapper;1;3;;;t;;;;;
égratigner;1;9;;;t;p;;;;
égrener;1;19;;;t;p;;;;
égriser;1;3;;;t;;;;;
égruger;1;13;;;t;;;;;
égueuler;1;3;;;t;;;;;
éjaculer;1;3;;;t;;;;;
éjarrer;1;3;;;t;;;;;
éjecter;1;3;;;t;p;;;;
éjointer;1;3;;;t;;;;;
élaborer;1;3;;;t;p;;;;
élaguer;1;11;;;t;;;;;
élancer;1;12;élan;;t;p;;;;
élargir;2;6;;;t;p;;;;
électrifier;1;8;;;t;;;;;
électriser;1;3;;;t;;;;;
électrocuter;1;3;;;t;p;;;;
électrolyser;1;3;;;t;;;;;
électroniser;1;3;;;t;;;;;
élégir;2;6;;;t;;;;;
élever;1;19;;;t;p;;;;
élider;1;3;;;t;p;;;;
élimer;1;3;;;t;;;;;
éliminer;1;3;;;t;p;;;;
élinguer;1;11;;;t;;;;;
élire;3;79;;;t;;;;;
éloigner;1;9;;;t;p;;;;
élonger;1;13;;;t;;;;;
élucider;1;3;;;t;;;;;
élucubrer;1;3;;;t;;;;;
éluder;1;3;;;t;;;;;
éluer;1;7;;;t;;;;;
émacier;1;8;;;t;p;;;;
émailler;1;8;;;t;p;;;;
émanciper;1;3;;;t;p;;;;
émaner;1;3;;;i;;;;;
émarger;1;13;;;t;ti;;;;
émasculer;1;3;;;t;;;;;
emballer;1;3;;;t;p;;;;
emballotter;1;3;;;t;;;;;
emballuchonner;1;3;;;t;;;;;embaluchonner
embaluchonner;1;3;;;t;;;;;emballuchonner
embaquer;1;11;;;xp;;;;;
embarbouiller;1;9;;;t;p;;;;
embarder;1;3;;;i;;;;;
embarquer;1;11;;;i;t;p;;;
embarrasser;1;3;;;t;p;;;;
embarrer;1;3;;;t;p;;;;
embastiller;1;9;;;t;;;;;
embastionner;1;3;;;t;;;;;
embatre;3;93;;;t;;;;;embattre
embattre;3;93;;;t;;;;;embatre
embaucher;1;3;;;t;;;;;
embaumer;1;3;;;i;t;;;;
embecquer;1;11;;;t;;;;;
embéguiner;1;3;;;t;p;;;;
embellir;2;6;;;i;t;p;;avoir/être;
emberlificoter;1;3;;;t;p;;;;
embêter;1;3;;;t;p;;;;
embidonner;1;3;;;t;;;;;
embistrouiller;1;9;;;t;;;;;
emblaver;1;3;;;t;;;;;
embobeliner;1;3;;;t;;;;;
embobiner;1;3;;;t;;;;;
emboire;3;73;;;t;p;;;;
emboîter;1;3;;;t;p;;;;
embosser;1;3;;;t;p;;;;
embotteler;1;21;;;t;;;;;
emboucaner;1;3;;;i;;;;;
emboucher;1;3;;;t;;;;;
embouer;1;7;;;i;t;;;;
embouquer;1;11;;;i;t;;;;
embourber;1;3;;;t;p;;;;
embourgeoiser;1;3;;;t;p;;;;
embourrmaner;1;3;;;t;p;;;;
embourrer;1;3;;;t;p;;;;
embouteiller;1;9;;;t;;;;;
embouter;1;3;;;t;;;;;
emboutir;2;6;;;t;;;;;
embrancher;1;3;;;t;p;;;;
embraquer;1;11;;;t;;;;;
embraser;1;3;;;t;p;;;;
embrasser;1;3;;;t;p;;;;
embrayer;1;25;;;t;ti;;;;
embreler;1;21;;;t;;;;;
embrever;1;19;;;t;;;;;
embrigader;1;3;;;t;p;;;;
embringuer;1;11;;;t;p;;;;
embrocher;1;3;;;t;;;;;
embroncher;1;3;;;t;;;;;
embrouiller;1;9;;;t;p;;;;
embroussailler;1;9;;;t;p;;;;
embrumer;1;3;;;t;;;;;
embrunir;2;6;;;t;;;;;
embuer;1;7;;;t;p;;;;
embusquer;1;11;;;t;p;;;;
émécher;1;14;ém;ch;t;;;;;
émerger;1;13;émerg;;i;;;;;
émerillonner;1;3;;;t;;;;;
émeriser;1;3;;;t;;;;;
émerveiller;1;9;;;t;p;;;;
émettre;3;94;;;t;;;;;
émier;1;8;;;t;;;;;
émietter;1;3;;;t;p;;;;
émigrer;1;3;;;i;;;;;
émincer;1;12;émin;;t;;;;;
emmagasiner;1;3;;;t;;;;;
emmailloter;1;3;;;t;p;;;;
emmancher;1;3;;;t;p;;;;
emmarger;1;13;;;t;;;;;
emmêler;1;3;;;t;p;;;;
emménager;1;13;;;i;t;;;;
emmener;1;19;;;t;;;;;
emmerder;1;3;;;t;p;;;;
emmétrer;1;14;;;t;;;;;
emmieller;1;3;;;t;;;;;
emmitonner;1;3;;;t;;;;;
emmitoufler;1;3;;;t;p;;;;
emmortaiser;1;3;;;t;;;;;
emmouscailler;1;9;;;t;;;;;
emmurer;1;3;;;t;;;;;
émonder;1;3;;;t;;;;;
émorfiler;1;3;;;t;;;;;
émotionner;1;3;;;t;;;;;
émotter;1;3;;;t;;;;;
émoucher;1;3;;;t;;;;;
émoucheter;1;24;;;t;;;;;
émoudre;3;90;;;t;;;;;
émousser;1;3;;;t;p;;;;
émoustiller;1;9;;;t;;;;;
émouvoir;3;58;;;t;p;;;;
empaffer;1;3;;;t;;;;;
empailler;1;9;;;t;;;;;
empaler;1;3;;;t;p;;;;
empalmer;1;3;;;t;;;;;
empanacher;1;3;;;t;;;;;
empanner;1;3;;;i;t;;;;
empapahouter;1;3;;;t;;;;;
empapaouter;1;3;;;t;;;;;
empapilloter;1;3;;;t;;;;;
empaqueter;1;24;;;t;;;;;
emparer;1;3;;;xp;;;;;
emparquer;1;11;;;t;;;;;
empâter;1;3;;;t;p;;;;
empatter;1;3;;;t;;;;;
empaumer;1;3;;;t;;;;;
empêcher;1;3;;;t;p;;;;
empeigner;1;9;;;t;;;;;
empêner;1;3;;;t;;;;;
empenner;1;3;;;t;;;;;
empercher;1;3;;;t; ; ; ;;
emperler;1;3;;;t;;;;;
empeser;1;19;;;t;;;;;
empester;1;3;;;i;t;;;;
empêtrer;1;3;;;t;p;;;;
empiéger;1;18;;;t;;;;;
empierrer;1;3;;;t;;;;;
empiéter;1;14;empi;t;i;;;;;
empiffrer;1;3;;;xp;;;;;
empiler;1;3;;;t;p;;;;
empirer;1;3;;;i;t;;;avoir/être;
emplafonner;1;3;;;t;p;;;;
emplâtrer;1;3;;;t;;;;;
emplir;2;6;;;i;t;p;;;
employer;1;27;;;t;p;;;;
emplumer;1;3;;;t;;;;;
empocher;1;3;;;t;;;;;
empoigner;1;9;;;t;p;;;;
empoisonner;1;3;;;t;p;;;;
empoisser;1;3;;;t;;;;;
empoissonner;1;3;;;t;;;;;
emporter;1;3;;;t;p;;;;
empoter;1;3;;;t;;;;;
empourprer;1;3;;;t;p;;;;
empoussiérer;1;14;empoussi;r;t;p;;;;
empreindre;3;86;;;t;p;;;;
empresser;1;3;;;xp;;;;;
emprésurer;1;3;;;t;;;;;
emprisonner;1;3;;;t;;;;;
emprunter;1;3;;;t;;;;;
empuantir;2;6;;;t;;;;;
émuler;1;3;;;t;;;;;
émulsifier;1;8;;;t;;;;;
émulsionner;1;3;;;t;;;;;
énamourer;1;3;;;xp;;;;;enamourer
enamourer;1;3;;;xp;;;;;énamourer
encabaner;1;3;;;t;;;;;
encadrer;1;3;;;t;p;;;;
encager;1;13;;;t;;;;;
encagouler;1;3;;;t;;;;;
encaisser;1;3;;;t;;;;;
encanailler;1;9;;;t;p;;;;
encaper;1;3;;;t;;;;;
encapsuler;1;3;;;t;;;;;
encapuchonner;1;3;;;t;p;;;;
encaquer;1;11;;;t;;;;;
encarrer;1;3;;;i;;;;;
encarter;1;3;;;t;;;;;
encartonner;1;3;;;t;;;;;
encartoucher;1;3;;;t;;;;;
encaserner;1;3;;;t;;;;;
encasteler;1;20;;;xp;;;;;
encastrer;1;3;;;t;p;;;;
encaustiquer;1;11;;;t;;;;;
encaver;1;3;;;t;;;;;
enceindre;3;86;;;t;;;;;
encenser;1;3;;;t;;;;;
encercler;1;3;;;t;;;;;
enchaîner;1;3;;;t;p;;;;
enchanter;1;3;;;t;;;;;
enchaperonner;1;3;;;t;;;;;
encharner;1;3;;;t;;;;;
enchâsser;1;3;;;t;p;;;;
enchatonner;1;3;;;t;;;;;
enchausser;1;3;;;t;;;;;
enchemiser;1;3;;;t;;;;;
enchérir;2;6;;;i;;;;;
enchetarder;1;3;;;t;;;;;
enchevaucher;1;3;;;t;;;;;
enchevêtrer;1;3;;;t;p;;;;
enchifrener;1;19;;;t;;;;;
enchtiber;1;3;;;t;;;;;
enchtourber;1;3;;;t;;;;;
encirer;1;3;;;t;;;;;
enclaver;1;3;;;t;p;;;;
enclencher;1;3;;;t;p;;;;
encliqueter;1;24;;;t;;;;;
encloîtrer;1;3;;;t;;;;;
encloquer;1;11;;;t;;;;;
enclore;3;104;;;t;d;;;;
enclouer;1;7;;;t;;;;;
encocher;1;3;;;t;;;;;
encoder;1;3;;;t;;;;;
encoffrer;1;3;;;t;;;;;
encoller;1;3;;;t;;;;;
encombrer;1;3;;;t;p;;;;
encorder;1;3;;;t;p;;;;
encorner;1;3;;;t;;;;;
encourager;1;13;;;t;;;;;
encourir;3;32;;;t;;;;;
encrasser;1;3;;;t;p;;;;
encrêper;1;3;;;t;;;;;
encrer;1;3;;;i;t;;;;
encrister;1;3;;;t;;;;;
encroumer;1;3;;;xp;;;;;
encroûter;1;3;;;t;p;;;;
encrypter;1;3;;;t;;;;;
enculer;1;3;;;t;;;;;
encuver;1;3;;;t;;;;;
endauber;1;3;;;t;;;;;
endenter;1;3;;;t;;;;;
endetter;1;3;;;t;p;;;;
endeuiller;1;9;;;t;;;;;
endêver;1;3;;;i;d;;;;
endiabler;1;3;;;i;t;;;;
endiguer;1;11;;;t;;;;;
endimancher;1;3;;;t;p;;;;
endivisionner;1;3;;;t;;;;;
endoctriner;1;3;;;t;;;;;
endolorir;2;6;;;t;;;;;
endommager;1;13;;;t;;;;;
endormir;3;34;;;t;p;;;;
endosser;1;3;;;t;;;;;
enduire;3;74;;;i;t;p;;;
endurcir;2;6;;;t;p;;;;
endurer;1;3;;;t;;;;;
énerver;1;3;;;t;p;;;;
enfaîter;1;3;;;t;;;;;
enfanter;1;3;;;i;t;;;;
enfariner;1;3;;;t;;;;;
enfermer;1;3;;;t;p;;;;
enferrer;1;3;;;t;p;;;;
enficher;1;3;;;t;;;;;
enfieller;1;3;;;t;;;;;
enfiévrer;1;14;enfi;vr;t;p;;;;
enfiler;1;3;;;t;p;;;;
enflammer;1;3;;;t;p;;;;
enflécher;1;14;enfl;ch;t;;;;;
enfler;1;3;;;i;t;p;;;
enfleurer;1;3;;;t;;;;;
enfoirer;1;3;;;t;p;;;;
enfoncer;1;3;enfon;;t;p;;;;
enforcir;2;6;;;i;;;;;
enfouiller;1;9;;;t;;;;;
enfouir;2;6;;;t;p;;;;
enfourailler;1;9;;;t;;;;;
enfourcher;1;3;;;t;;;;;
enfourner;1;3;;;t;;;;;
enfreindre;3;86;;;t;;;;;
enfuir;3;38;;;xp;;;;;
enfumer;1;3;;;t;;;;;
enfutailler;1;9;;;t;;;;;
enfûter;1;3;;;t;;;;;
engager;1;13;;;t;p;;;;
engainer;1;3;;;t;;;;;
engamer;1;3;;;t;;;;;
engargousser;1;3;;;t;;;;;
engaver;1;3;;;t;;;;;
engazonner;1;3;;;t;;;;;
engendrer;1;3;;;t;;;;;
engerber;1;3;;;t;;;;;
englacer;1;12;engla;;t;;;;;
englober;1;3;;;t;;;;;
engloutir;2;6;;;t;p;;;;
engluer;1;7;;;t;p;;;;
engober;1;3;;;t;;;;;
engommer;1;3;;;t;;;;;
engoncer;1;12;engon;;t;;;;;
engorger;1;13;;;t;;;;;
engouer;1;7;;;xp;;;;;
engouffrer;1;3;;;t;p;;;;
engouler;1;3;;;t;;;;;
engourdir;2;6;;;t;p;;;;
engraisser;1;3;;;i;t;p;;;
engranger;1;13;;;t;;;;;
engraver;1;3;;;t;;;;;
engrener;1;19;;;t;;;;;
engrosser;1;3;;;t;;;;;
engrumeler;1;21;;;t;;;;;
engueuler;1;3;;;t;;;;;
enguirlander;1;3;;;t;;;;;
enhardir;2;6;;;t;p;;;;
enharnacher;1;3;;;t;;;;;
enherber;1;3;;;t;;;;;
énieller;1;3;;;t;;;;;
enivrer;1;3;;;t;p;;;;
enjamber;1;3;;;i;t;;;;
enjaveler;1;21;;;t;;;;;
enjoindre;3;88;;;t;;;;;
enjôler;1;3;;;t;;;;;
enjoliver;1;3;;;t;;;;;
enjoncer;1;12;enjon;;t;;;;;
enjouer;1;7;;;t;;;;;
enjuguer;1;11;;;t;;;;;
enjuponner;1;3;;;t;;;;;
enkyster;1;3;;;xp;;;;;
enlacer;1;12;enlac;;t;p;;;;
enlaidir;2;6;;;i;t;p;;avoir/être;
enlever;1;19;;;t;p;;;;
enliasser;1;3;;;t;;;;;
enlier;1;8;;;t;;;;;
enligner;1;9;;;t;;;;;
enliser;1;3;;;t;p;;;;
enluminer;1;3;;;t;;;;;
enneiger;1;13;;;t;;;;;
ennoblir;2;6;;;t;;;;;
ennuager;1;13;;;t;p;;;;
ennuyer;1;26;;;t;p;;;;
énoncer;1;12;énon;;t;p;;;;
enorgueillir;2;6;;;t;p;;;;
énouer;1;7;;;t;;;;;
enquérir;3;40;;;xp;;;;;
enquêter;1;3;;;i;;;;;
enquiller;1;9;;;i;p;;;;
enquiquiner;1;3;;;t;p; ; ;;
enraciner;1;3;;;t;p;;;;
enrager;1;13;;;i;;;;;
enrailler;1;9;;;t;;;;;
enrayer;1;25;;;t;;;;;
enrégimenter;1;3;;;t;;;;;
enregistrer;1;3;;;t;p;;;;
enrêner;1;3;;;t;;;;;
enrésiner;1;3;;;t;;;;;
enrhumer;1;3;;;t;p;;;;
enrichir;2;6;;;t;p;;;;
enrober;1;3;;;t;;;;;
enrocher;1;3;;;t;;;;;
enrôler;1;3;;;t;p;;;;
enrouer;1;7;;;t;p;;;;
enrouiller;1;9;;;i;p;;;;
enrouler;1;3;;;t;p;;;;
enrubanner;1;3;;;t;;;;;
ensabler;1;3;;;t;p;;;;
ensaboter;1;3;;;t;;;;;
ensacher;1;3;;;t;;;;;
ensaisiner;1;3;;;t;;;;;
ensanglanter;1;3;;;t;;;;;
ensauvager;1;13;;;t;;;;;
ensauver;1;3;;;xp;;;;;
enseigner;1;9;;;t;p;;;;
ensemencer;1;12;ensemen;;t;;;;;
enserrer;1;3;;;t;;;;;
ensevelir;2;6;;;t;p;;;;
ensiler;1;3;;;t;;;;;
ensoleiller;1;9;;;t;;;;;
ensorceler;1;21;;;t;;;;;
ensoufrer;1;3;;;t;;;;;
enstérer;1;14;enst;r;t;;;;;
ensuivre;3;102;;;xp;d;;;;
ensuquer;1;11;;;t;;;;;
entabler;1;3;;;t;;;;;
entacher;1;3;;;t;;;;;
entailler;1;9;;;t;p;;;;
entamer;1;3;;;t;;;;;
entaquer;1;11;;;t;;;;;
entarter;1;3;;;t;;;;;
entartrer;1;3;;;t;p;;;;
entasser;1;3;;;t;p;;;;
entendre;3;83;;;t;p;;;;
enténébrer;1;14;entén;br;t;p;;;;
enter;1;3;;;t;;;;;
entériner;1;3;;;t;;;;;
enterrer;1;3;;;t;p;;;;
entêter;1;3;;;t;p;;;;
enthousiasmer;1;3;;;t;p;;;;
enticher;1;3;;;xp;;;;;
entifler;1;3;;;t;p;;;;
entoiler;1;3;;;t;;;;;
entôler;1;3;;;t;;;;;
entonner;1;3;;;t;;;;;
entortiller;1;9;;;t;p;;;;
entourer;1;3;;;t;p;;;;
entourlouper;1;3;;;t;;;;;
entraccorder;1;3;;;xp;;;;;
entraccuser;1;3;;;xp;;;;;
entradmirer;1;3;;;xp;;;;;
entraider;1;3;;;xp;;;;;
entraimer;1;3;;;xp;;;;;
entraîner;1;3;;;t;p;;;;
entrapercevoir;3;48;;;t;p;;;;
entraver;1;3;;;t;;;;;
entrebâiller;1;9;;;t;p;;;;
entrebattre;3;93;;;xp;;;;;
entrechoquer;1;11;;;t;p;;;;
entrecouper;1;3;;;t;p;;;;
entrecroiser;1;3;;;t;p;;;;
Entre-déchirer;1;3;;;xp;;;;;
entredétruire;1;3;;;xp;;;;;entre-détruire
entre-détruire;3;74;;;xp;;;;;entredétruire
entre-dévorer;1;3;;;xp;;;;;
entre-égorger;1;13;;;xp;;;;;
entre-frapper;1;3;;;xp;;;;;
entre-haïr;2;29;;;xp;;;;;
entre-heurter;1;3;;;p;;;;;
entrelacer;1;12;entrela;;t;p;;;;
entrelarder;1;3;;;t;;;;;
entre-louer;1;7;;;xp;;;;;
entre-manger;1;13;;;xp;;;;;entremanger
entremanger;1;13;;;xp;;;;;entre-manger
entremêler;1;3;;;t;p;;;;
entremettre;3;94;;;xp;;;;;
entre-nuire;3;74;;;xp;;;;;entrenuire
entrenuire;3;74;;;xp;;;;;entre-nuire
entreposer;1;3;;;t;;;;;
entreprendre;3;84;;;t;;;;;
entrer;1;3;;;i;t;;;avoir/être;
entre-regarder;1;3;;;xp;;;;;entreregarder
entreregarder;1;3;;;xp;;;;;entre-regarder
entretailler;1;9;;;xp;;;;;
entretenir;3;39;;;t;p;;;;
entretoiser;1;3;;;t;;;;;
entre-tuer;1;7;;;xp;;;;;entretuer
entretuer;1;7;;;xp;;;;;entre-tuer
entrevoir;3;49;;;t;p;;;;
entrevoûter;1;3;;;t;;;;;
entrouvrir;3;42;;;t;p;;;;
entuber;1;3;;;t;;;;;
énucléer;1;10;;;t;;;;;
énumérer;1;14;énum;r;t;;;;;
envahir;2;6;;;t;;;;;
envaser;1;3;;;t;p;;;;
envelopper;1;3;;;t;p;;;;
envenimer;1;3;;;t;p;;;;
enverger;1;13;;;t;;;;;
enverguer;1;11;;;t;;;;;
enviander;1;3;;;t;;;;;
envider;1;3;;;t;;;;;
envier;1;8;;;t;;;;;
envieillir;2;6;;;t;p;;;;
environner;1;3;;;t;p;;;;
envisager;1;13;;;t;;;;;
envoiler;1;5;;;xp;;;;;
envoler;1;3;;;xp;;;;;
envoûter;1;3;;;t;;;;;
envoyer;1;28;;;t;p;;;;
épaissir;2;6;;;i;t;p;;;
épaler;1;3;;;t;;;;;
épamprer;1;3;;;t;;;;;
épancher;1;3;;;t;p;;;;
épandre;3;85;;;t;p;;;;
épanneler;1;21;;;t;;;;;
épanner;1;3;;;t;;;;;
épanouir;2;6;;;t;p;;;;
épargner;1;9;;;t;ti;p;;;
éparpiller;1;9;;;t;p;;;;
épastrouiller;1;9;;;t;;;;;
épater;1;3;;;t;;;;;
épaufrer;1;3;;;t;;;;;
épauler;1;3;;;t;p;;;;
épeler;1;21;;;t;p;;;;
épépiner;1;3;;;t;;;;;
éperdre;3;83;;;xp;;;;;
éperonner;1;3;;;t;;;;;
épeuler;1;3;;;t;;;;;
épeurer;1;3;;;t;;;;;
épicer;1;12;épi;;t;;;;;
épier;1;8;;;t;p;;;;
épierrer;1;3;;;t;;;;;
épiler;1;3;;;t;p;;;;
épiloguer;1;11;;;t;ti;;;;
épinceler;1;21;;;t;;;;;
épincer;1;12;épin;;t;;;;;
épinceter;1;24;;;t;;;;;
épiner;1;3;;;t;;;;;
épingler;1;3;;;t;;;;;
épisser;1;3;;;t;;;;;
éployer;1;27;;;t;p;;;;
éplucher;1;3;;;t;;;;;
épointer;1;3;;;t;;;;;
éponger;1;13;;;t;p;;;;
épontiller;1;9;;;t;;;;;
épouiller;1;9;;;t;;;;;
époumoner;1;3;;;t;p;;;;
épouser;1;3;;;t;p;;;;
épousseter;1;24;;;t;;;;;
époustoufler;1;3;;;t;;;;;
époutier;1;8;;;t;;;;;
époutir;1;6;;;t;;;;;
épouvanter;1;3;;;t;p;;;;
épreindre;3;86;;;t;;;;;